"Problem","Planner","Run","Success?","Plan Length","Nodes Visited","Nodes Generated","Time (ms)"
"bribery","BFS",1,true,2,9,161,0
"bribery","BFS",2,true,2,10,177,1
"bribery","BFS",3,true,2,9,161,1
"bribery","BFS",4,true,2,8,145,1
"bribery","BFS",5,true,2,9,161,1
"bribery","BFS",6,true,2,8,145,1
"bribery","BFS",7,true,2,10,177,1
"bribery","BFS",8,true,2,10,177,1
"bribery","BFS",9,true,2,10,177,0
"bribery","BFS",10,true,2,9,161,0
"bribery","EFS",1,true,2,22361,53920,493
"bribery","EFS",2,true,2,22361,53920,496
"bribery","EFS",3,true,2,22360,53917,480
"bribery","EFS",4,true,2,22367,53995,473
"bribery","EFS",5,true,2,22368,53998,412
"bribery","EFS",6,true,2,22368,53998,408
"bribery","EFS",7,true,2,22361,53920,397
"bribery","EFS",8,true,2,22361,53920,482
"bribery","EFS",9,true,2,22362,53923,466
"bribery","EFS",10,true,2,22368,53998,402
"bribery","GFS",1,true,2,88,968,2
"bribery","GFS",2,true,2,100,1098,4
"bribery","GFS",3,true,2,87,958,2
"bribery","GFS",4,true,2,79,868,2
"bribery","GFS",5,true,2,88,968,2
"bribery","GFS",6,true,2,80,878,2
"bribery","GFS",7,true,2,99,1088,2
"bribery","GFS",8,true,2,99,1088,2
"bribery","GFS",9,true,2,99,1088,2
"bribery","GFS",10,true,2,90,988,2
"bribery","A* h+",1,true,2,2,37,0
"bribery","A* h+",2,true,2,2,37,0
"bribery","A* h+",3,true,2,2,37,0
"bribery","A* h+",4,true,2,2,37,0
"bribery","A* h+",5,true,2,2,37,0
"bribery","A* h+",6,true,2,2,37,0
"bribery","A* h+",7,true,2,2,37,0
"bribery","A* h+",8,true,2,2,37,3
"bribery","A* h+",9,true,2,2,37,0
"bribery","A* h+",10,true,2,2,37,0
"bribery","A* hmax",1,true,2,2,37,0
"bribery","A* hmax",2,true,2,2,37,1
"bribery","A* hmax",3,true,2,2,37,1
"bribery","A* hmax",4,true,2,2,37,0
"bribery","A* hmax",5,true,2,2,37,1
"bribery","A* hmax",6,true,2,2,37,0
"bribery","A* hmax",7,true,2,2,37,1
"bribery","A* hmax",8,true,2,2,37,1
"bribery","A* hmax",9,true,2,2,37,0
"bribery","A* hmax",10,true,2,2,37,0
"bribery","A* rp",1,true,2,2,37,1
"bribery","A* rp",2,true,2,2,37,1
"bribery","A* rp",3,true,2,2,37,0
"bribery","A* rp",4,true,2,2,37,1
"bribery","A* rp",5,true,2,2,37,0
"bribery","A* rp",6,true,2,2,37,0
"bribery","A* rp",7,true,2,2,37,1
"bribery","A* rp",8,true,2,2,37,0
"bribery","A* rp",9,true,2,2,37,0
"bribery","A* rp",10,true,2,2,37,1
"bribery","EFS h+",1,true,2,5743,15047,341
"bribery","EFS h+",2,true,2,5743,15047,348
"bribery","EFS h+",3,true,2,5743,15047,345
"bribery","EFS h+",4,true,2,5743,15047,353
"bribery","EFS h+",5,true,2,5743,15047,346
"bribery","EFS h+",6,true,2,5743,15047,348
"bribery","EFS h+",7,true,2,5743,15047,335
"bribery","EFS h+",8,true,2,5744,15050,341
"bribery","EFS h+",9,true,2,5744,15050,323
"bribery","EFS h+",10,true,2,5744,15050,341
"bribery","EFS hmax",1,true,2,600,5716,108
"bribery","EFS hmax",2,true,2,600,5716,106
"bribery","EFS hmax",3,true,2,600,5716,108
"bribery","EFS hmax",4,true,2,600,5716,98
"bribery","EFS hmax",5,true,2,600,5716,103
"bribery","EFS hmax",6,true,2,600,5716,118
"bribery","EFS hmax",7,true,2,600,5716,98
"bribery","EFS hmax",8,true,2,601,5719,82
"bribery","EFS hmax",9,true,2,601,5719,100
"bribery","EFS hmax",10,true,2,601,5719,116
"bribery","EFS rp",1,true,2,5743,15047,447
"bribery","EFS rp",2,true,2,5743,15047,459
"bribery","EFS rp",3,true,2,5743,15047,451
"bribery","EFS rp",4,true,2,5743,15047,450
"bribery","EFS rp",5,true,2,5743,15047,447
"bribery","EFS rp",6,true,2,5743,15047,419
"bribery","EFS rp",7,true,2,5743,15047,454
"bribery","EFS rp",8,true,2,5744,15050,455
"bribery","EFS rp",9,true,2,5744,15050,453
"bribery","EFS rp",10,true,2,5744,15050,448
"bribery","GFS h+",1,true,2,3,32,6
"bribery","GFS h+",2,true,2,3,32,1
"bribery","GFS h+",3,true,2,3,32,0
"bribery","GFS h+",4,true,2,3,32,0
"bribery","GFS h+",5,true,2,3,32,0
"bribery","GFS h+",6,true,2,3,32,1
"bribery","GFS h+",7,true,2,3,32,0
"bribery","GFS h+",8,true,2,3,32,1
"bribery","GFS h+",9,true,2,3,32,2
"bribery","GFS h+",10,true,2,3,32,0
"bribery","GFS hmax",1,true,2,3,32,1
"bribery","GFS hmax",2,true,2,3,32,1
"bribery","GFS hmax",3,true,2,3,32,1
"bribery","GFS hmax",4,true,2,3,32,0
"bribery","GFS hmax",5,true,2,3,32,1
"bribery","GFS hmax",6,true,2,3,32,0
"bribery","GFS hmax",7,true,2,3,32,1
"bribery","GFS hmax",8,true,2,3,32,0
"bribery","GFS hmax",9,true,2,3,32,0
"bribery","GFS hmax",10,true,2,3,32,0
"bribery","GFS rp",1,true,2,3,32,1
"bribery","GFS rp",2,true,2,3,32,0
"bribery","GFS rp",3,true,2,3,32,1
"bribery","GFS rp",4,true,2,3,32,0
"bribery","GFS rp",5,true,2,3,32,1
"bribery","GFS rp",6,true,2,3,32,1
"bribery","GFS rp",7,true,2,3,32,0
"bribery","GFS rp",8,true,2,3,32,0
"bribery","GFS rp",9,true,2,3,32,1
"bribery","GFS rp",10,true,2,3,32,1
"deerhunter_any","BFS",1,true,6,10100,81729,2994
"deerhunter_any","BFS",2,true,6,10108,81848,3023
"deerhunter_any","BFS",3,true,6,10100,81729,2992
"deerhunter_any","BFS",4,true,6,10100,81729,1981
"deerhunter_any","BFS",5,true,6,10108,81848,2017
"deerhunter_any","BFS",6,true,6,10108,81848,3032
"deerhunter_any","BFS",7,true,6,10108,81848,3040
"deerhunter_any","BFS",8,true,6,10100,81729,1999
"deerhunter_any","BFS",9,true,6,10100,81729,1981
"deerhunter_any","BFS",10,true,6,10108,81848,3033
"deerhunter_any","EFS",1,true,6,5896,24161,911
"deerhunter_any","EFS",2,true,6,6106,24330,899
"deerhunter_any","EFS",3,true,6,5896,24161,893
"deerhunter_any","EFS",4,true,6,5896,24161,913
"deerhunter_any","EFS",5,true,6,6106,24330,1200
"deerhunter_any","EFS",6,true,6,6106,24330,1200
"deerhunter_any","EFS",7,true,6,6106,24330,1151
"deerhunter_any","EFS",8,true,6,5896,24161,1186
"deerhunter_any","EFS",9,true,6,5896,24161,1223
"deerhunter_any","EFS",10,true,6,6106,24330,1159
"deerhunter_any","GFS",1,true,6,66442,519209,16193
"deerhunter_any","GFS",2,true,6,66505,519888,16254
"deerhunter_any","GFS",3,true,6,66442,519209,16161
"deerhunter_any","GFS",4,true,6,66442,519209,16002
"deerhunter_any","GFS",5,true,6,66505,519888,16230
"deerhunter_any","GFS",6,true,6,66505,519888,16158
"deerhunter_any","GFS",7,true,6,66505,519888,16160
"deerhunter_any","GFS",8,true,6,66442,519209,16203
"deerhunter_any","GFS",9,true,6,66442,519209,16103
"deerhunter_any","GFS",10,true,6,66505,519888,16115
"deerhunter_any","A* h+",1,true,6,4472,57760,7161
"deerhunter_any","A* h+",2,true,6,4472,57760,7354
"deerhunter_any","A* h+",3,true,6,4472,57760,7302
"deerhunter_any","A* h+",4,true,6,4472,57760,7212
"deerhunter_any","A* h+",5,true,6,4472,57760,7237
"deerhunter_any","A* h+",6,true,6,4472,57760,7388
"deerhunter_any","A* h+",7,true,6,4472,57760,7250
"deerhunter_any","A* h+",8,true,6,4472,57760,7313
"deerhunter_any","A* h+",9,true,6,4472,57760,7288
"deerhunter_any","A* h+",10,true,6,4472,57760,7255
"deerhunter_any","A* hmax",1,true,6,436,6335,625
"deerhunter_any","A* hmax",2,true,6,437,6353,614
"deerhunter_any","A* hmax",3,true,6,436,6335,602
"deerhunter_any","A* hmax",4,true,6,436,6335,610
"deerhunter_any","A* hmax",5,true,6,437,6353,582
"deerhunter_any","A* hmax",6,true,6,437,6353,634
"deerhunter_any","A* hmax",7,true,6,437,6353,687
"deerhunter_any","A* hmax",8,true,6,436,6335,688
"deerhunter_any","A* hmax",9,true,6,436,6335,589
"deerhunter_any","A* hmax",10,true,6,437,6353,664
"deerhunter_any","A* rp",1,true,6,238,3640,439
"deerhunter_any","A* rp",2,true,6,1973,24726,3105
"deerhunter_any","A* rp",3,true,6,1973,24726,3078
"deerhunter_any","A* rp",4,true,6,238,3640,387
"deerhunter_any","A* rp",5,true,6,238,3640,369
"deerhunter_any","A* rp",6,true,6,1973,24726,2857
"deerhunter_any","A* rp",7,true,6,238,3640,372
"deerhunter_any","A* rp",8,true,6,238,3640,373
"deerhunter_any","A* rp",9,true,6,238,3640,376
"deerhunter_any","A* rp",10,true,6,1973,24726,2972
"deerhunter_any","EFS h+",1,true,6,65,485,63
"deerhunter_any","EFS h+",2,true,6,65,485,59
"deerhunter_any","EFS h+",3,true,6,65,485,49
"deerhunter_any","EFS h+",4,true,6,65,485,43
"deerhunter_any","EFS h+",5,true,6,65,485,54
"deerhunter_any","EFS h+",6,true,6,65,485,83
"deerhunter_any","EFS h+",7,true,6,65,485,46
"deerhunter_any","EFS h+",8,true,6,65,485,48
"deerhunter_any","EFS h+",9,true,6,65,485,54
"deerhunter_any","EFS h+",10,true,6,65,485,51
"deerhunter_any","EFS hmax",1,true,6,190,1571,190
"deerhunter_any","EFS hmax",2,true,6,197,1641,143
"deerhunter_any","EFS hmax",3,true,6,190,1571,199
"deerhunter_any","EFS hmax",4,true,6,190,1571,172
"deerhunter_any","EFS hmax",5,true,6,197,1641,190
"deerhunter_any","EFS hmax",6,true,6,197,1641,160
"deerhunter_any","EFS hmax",7,true,6,197,1641,223
"deerhunter_any","EFS hmax",8,true,6,190,1571,131
"deerhunter_any","EFS hmax",9,true,6,190,1571,179
"deerhunter_any","EFS hmax",10,true,6,197,1641,204
"deerhunter_any","EFS rp",1,true,6,157,1037,86
"deerhunter_any","EFS rp",2,true,6,103,752,78
"deerhunter_any","EFS rp",3,true,6,103,752,92
"deerhunter_any","EFS rp",4,true,6,157,1037,127
"deerhunter_any","EFS rp",5,true,6,143,900,110
"deerhunter_any","EFS rp",6,true,6,117,885,105
"deerhunter_any","EFS rp",7,true,6,143,904,101
"deerhunter_any","EFS rp",8,true,6,145,916,120
"deerhunter_any","EFS rp",9,true,6,143,900,117
"deerhunter_any","EFS rp",10,true,6,103,748,91
"deerhunter_any","GFS h+",1,true,6,89805,182806,22954
"deerhunter_any","GFS h+",2,true,6,89805,182806,22873
"deerhunter_any","GFS h+",3,true,6,89805,182806,23070
"deerhunter_any","GFS h+",4,true,6,89805,182806,33290
"deerhunter_any","GFS h+",5,true,6,89805,182806,32837
"deerhunter_any","GFS h+",6,true,6,89805,182806,33169
"deerhunter_any","GFS h+",7,true,6,89805,182806,33194
"deerhunter_any","GFS h+",8,true,6,89805,182806,33325
"deerhunter_any","GFS h+",9,true,6,89805,182806,22659
"deerhunter_any","GFS h+",10,true,6,89805,182806,33155
"deerhunter_any","GFS hmax",1,true,6,1791,10667,1031
"deerhunter_any","GFS hmax",2,true,6,1792,10680,1022
"deerhunter_any","GFS hmax",3,true,6,1791,10667,1090
"deerhunter_any","GFS hmax",4,true,6,1791,10667,1270
"deerhunter_any","GFS hmax",5,true,6,1792,10680,1267
"deerhunter_any","GFS hmax",6,true,6,1792,10680,1297
"deerhunter_any","GFS hmax",7,true,6,1792,10680,1308
"deerhunter_any","GFS hmax",8,true,6,1791,10667,1250
"deerhunter_any","GFS hmax",9,true,6,1791,10667,1307
"deerhunter_any","GFS hmax",10,true,6,1792,10680,1340
"deerhunter_any","GFS rp",1,true,6,9454,17221,2695
"deerhunter_any","GFS rp",2,true,6,28762,67134,10387
"deerhunter_any","GFS rp",3,true,6,28762,67134,10433
"deerhunter_any","GFS rp",4,true,6,9454,17221,2624
"deerhunter_any","GFS rp",5,true,6,9454,17221,2729
"deerhunter_any","GFS rp",6,true,6,28762,67134,10567
"deerhunter_any","GFS rp",7,true,6,9454,17221,2858
"deerhunter_any","GFS rp",8,true,6,9454,17221,2983
"deerhunter_any","GFS rp",9,true,6,9454,17221,2796
"deerhunter_any","GFS rp",10,true,6,28762,67134,10679
"deerhunter_both","BFS",1,false,,1000000,8051711,2466587
"deerhunter_both","BFS",2,false,,1000000,8051712,2510546
"deerhunter_both","BFS",3,false,,1000000,8051711,2462145
"deerhunter_both","BFS",4,false,,1000000,8051711,2468967
"deerhunter_both","BFS",5,false,,1000000,8051712,2511730
"deerhunter_both","BFS",6,false,,1000000,8051712,2467333
"deerhunter_both","BFS",7,false,,1000000,8051712,2510182
"deerhunter_both","BFS",8,false,,1000000,8051711,2512588
"deerhunter_both","BFS",9,false,,1000000,8051711,2507268
"deerhunter_both","BFS",10,false,,1000000,8051712,2463211
"deerhunter_both","EFS",1,true,10,529909,2651578,1732762
"deerhunter_both","EFS",2,true,10,532232,2660915,1729457
"deerhunter_both","EFS",3,true,10,529909,2651578,1734387
"deerhunter_both","EFS",4,true,10,529909,2651578,1735988
"deerhunter_both","EFS",5,true,10,532232,2660915,1726837
"deerhunter_both","EFS",6,true,10,532232,2660915,1717184
"deerhunter_both","EFS",7,true,10,532232,2660915,1715306
"deerhunter_both","EFS",8,true,10,529909,2651578,1724471
"deerhunter_both","EFS",9,true,10,529909,2651578,1719474
"deerhunter_both","EFS",10,true,10,532232,2660915,1716861
"deerhunter_both","GFS",1,false,,1000000,7073285,271068
"deerhunter_both","GFS",2,false,,1000000,7073285,270311
"deerhunter_both","GFS",3,false,,1000000,7073285,269901
"deerhunter_both","GFS",4,false,,1000000,7073285,269592
"deerhunter_both","GFS",5,false,,1000000,7073285,270031
"deerhunter_both","GFS",6,false,,1000000,7073285,272424
"deerhunter_both","GFS",7,false,,1000000,7073285,272136
"deerhunter_both","GFS",8,false,,1000000,7073285,272283
"deerhunter_both","GFS",9,false,,1000000,7073285,272056
"deerhunter_both","GFS",10,false,,1000000,7073285,271897
"deerhunter_both","A* h+",1,false,,1000000,10497401,4391368
"deerhunter_both","A* h+",2,false,,1000000,10497401,4387931
"deerhunter_both","A* h+",3,false,,1000000,10497401,4394674
"deerhunter_both","A* h+",4,false,,1000000,10497401,4394009
"deerhunter_both","A* h+",5,false,,1000000,10497401,4392025
"deerhunter_both","A* h+",6,false,,1000000,10497401,4418440
"deerhunter_both","A* h+",7,false,,1000000,10497401,4398790
"deerhunter_both","A* h+",8,false,,1000000,10497401,4417670
"deerhunter_both","A* h+",9,false,,1000000,10497401,4408461
"deerhunter_both","A* h+",10,false,,1000000,10497401,4414402
"deerhunter_both","A* hmax",1,false,,1000000,10721164,2749957
"deerhunter_both","A* hmax",2,false,,1000000,10721164,2732014
"deerhunter_both","A* hmax",3,false,,1000000,10721164,2733188
"deerhunter_both","A* hmax",4,false,,1000000,10721164,2738154
"deerhunter_both","A* hmax",5,false,,1000000,10721164,2728491
"deerhunter_both","A* hmax",6,false,,1000000,10721164,2737421
"deerhunter_both","A* hmax",7,false,,1000000,10721164,2753663
"deerhunter_both","A* hmax",8,false,,1000000,10721164,2752099
"deerhunter_both","A* hmax",9,false,,1000000,10721164,2764996
"deerhunter_both","A* hmax",10,false,,1000000,10721164,2749932
"deerhunter_both","A* rp",1,true,10,869243,9215285,4914444
"deerhunter_both","A* rp",2,true,10,633422,6669054,2101254
"deerhunter_both","A* rp",3,true,10,633448,6669270,2103853
"deerhunter_both","A* rp",4,true,10,868886,9211844,4909665
"deerhunter_both","A* rp",5,true,10,868489,9214337,4925755
"deerhunter_both","A* rp",6,true,10,633259,6667495,1948476
"deerhunter_both","A* rp",7,true,10,868984,9215357,4929516
"deerhunter_both","A* rp",8,true,10,868726,9214657,4702702
"deerhunter_both","A* rp",9,true,10,868474,9211661,4705235
"deerhunter_both","A* rp",10,true,10,632618,6663528,1952697
"deerhunter_both","EFS h+",1,true,10,94330,534737,101846
"deerhunter_both","EFS h+",2,true,10,94259,534737,102576
"deerhunter_both","EFS h+",3,true,10,94330,534737,102445
"deerhunter_both","EFS h+",4,true,10,94330,534737,100621
"deerhunter_both","EFS h+",5,true,10,94259,534737,100034
"deerhunter_both","EFS h+",6,true,10,94259,534737,101892
"deerhunter_both","EFS h+",7,true,10,94259,534737,102238
"deerhunter_both","EFS h+",8,true,10,94330,534737,102487
"deerhunter_both","EFS h+",9,true,10,94330,534737,102947
"deerhunter_both","EFS h+",10,true,10,94259,534737,91134
"deerhunter_both","EFS hmax",1,true,10,79127,662009,99142
"deerhunter_both","EFS hmax",2,true,10,79043,661965,168341
"deerhunter_both","EFS hmax",3,true,10,79127,662009,171923
"deerhunter_both","EFS hmax",4,true,10,79127,662009,100014
"deerhunter_both","EFS hmax",5,true,10,79043,661965,101068
"deerhunter_both","EFS hmax",6,true,10,79043,661965,99815
"deerhunter_both","EFS hmax",7,true,10,79043,661965,163509
"deerhunter_both","EFS hmax",8,true,10,79127,662009,162535
"deerhunter_both","EFS hmax",9,true,10,79127,662009,119779
"deerhunter_both","EFS hmax",10,true,10,79043,661965,138072
"deerhunter_both","EFS rp",1,true,10,87243,536860,118654
"deerhunter_both","EFS rp",2,true,10,41440,212971,34128
"deerhunter_both","EFS rp",3,true,10,41440,212971,34343
"deerhunter_both","EFS rp",4,true,10,87243,536860,122921
"deerhunter_both","EFS rp",5,true,10,85711,541337,122684
"deerhunter_both","EFS rp",6,true,10,42395,215462,32556
"deerhunter_both","EFS rp",7,true,10,84181,530279,126517
"deerhunter_both","EFS rp",8,true,10,85813,532204,124604
"deerhunter_both","EFS rp",9,true,10,86281,542407,112937
"deerhunter_both","EFS rp",10,true,10,42060,214664,31536
"deerhunter_both","GFS h+",1,false,,1000000,2298471,363969
"deerhunter_both","GFS h+",2,false,,1000000,2298471,374088
"deerhunter_both","GFS h+",3,false,,1000000,2298471,376160
"deerhunter_both","GFS h+",4,false,,1000000,2298471,371182
"deerhunter_both","GFS h+",5,false,,1000000,2298471,387635
"deerhunter_both","GFS h+",6,false,,1000000,2298471,391011
"deerhunter_both","GFS h+",7,false,,1000000,2298471,387750
"deerhunter_both","GFS h+",8,false,,1000000,2298471,383036
"deerhunter_both","GFS h+",9,false,,1000000,2298471,358937
"deerhunter_both","GFS h+",10,false,,1000000,2298471,358643
"deerhunter_both","GFS hmax",1,false,,1000000,6311125,858465
"deerhunter_both","GFS hmax",2,false,,1000000,6311125,849072
"deerhunter_both","GFS hmax",3,false,,1000000,6311125,848293
"deerhunter_both","GFS hmax",4,false,,1000000,6311125,850423
"deerhunter_both","GFS hmax",5,false,,1000000,6311125,818796
"deerhunter_both","GFS hmax",6,false,,1000000,6311125,818847
"deerhunter_both","GFS hmax",7,false,,1000000,6311125,807238
"deerhunter_both","GFS hmax",8,false,,1000000,6311125,818589
"deerhunter_both","GFS hmax",9,false,,1000000,6311125,769793
"deerhunter_both","GFS hmax",10,false,,1000000,6311125,797982
"deerhunter_both","GFS rp",1,false,,1000000,2421674,338994
"deerhunter_both","GFS rp",2,false,,1000000,2574920,360624
"deerhunter_both","GFS rp",3,false,,1000000,2574920,360120
"deerhunter_both","GFS rp",4,false,,1000000,2421674,340781
"deerhunter_both","GFS rp",5,false,,1000000,2421641,318402
"deerhunter_both","GFS rp",6,false,,1000000,2574920,346627
"deerhunter_both","GFS rp",7,false,,1000000,2421688,324978
"deerhunter_both","GFS rp",8,false,,1000000,2421674,338512
"deerhunter_both","GFS rp",9,false,,1000000,2421641,370337
"deerhunter_both","GFS rp",10,false,,1000000,2574920,353819
"secretagent","BFS",1,true,8,659,711,10
"secretagent","BFS",2,true,8,665,745,11
"secretagent","BFS",3,true,8,665,745,11
"secretagent","BFS",4,true,8,659,711,10
"secretagent","BFS",5,true,8,665,745,11
"secretagent","BFS",6,true,8,659,711,10
"secretagent","BFS",7,true,8,659,711,10
"secretagent","BFS",8,true,8,665,745,11
"secretagent","BFS",9,true,8,665,745,10
"secretagent","BFS",10,true,8,665,745,11
"secretagent","EFS",1,true,8,175,241,15
"secretagent","EFS",2,true,8,186,252,15
"secretagent","EFS",3,true,8,186,252,15
"secretagent","EFS",4,true,8,175,241,15
"secretagent","EFS",5,true,8,186,252,15
"secretagent","EFS",6,true,8,175,241,15
"secretagent","EFS",7,true,8,175,241,15
"secretagent","EFS",8,true,8,186,252,15
"secretagent","EFS",9,true,8,186,252,16
"secretagent","EFS",10,true,8,186,252,15
"secretagent","GFS",1,true,8,308,775,10
"secretagent","GFS",2,true,8,318,789,10
"secretagent","GFS",3,true,8,318,789,10
"secretagent","GFS",4,true,8,308,775,9
"secretagent","GFS",5,true,8,318,789,10
"secretagent","GFS",6,true,8,308,775,9
"secretagent","GFS",7,true,8,308,775,9
"secretagent","GFS",8,true,8,318,789,9
"secretagent","GFS",9,true,8,318,789,10
"secretagent","GFS",10,true,8,318,789,10
"secretagent","A* h+",1,true,8,372,815,24
"secretagent","A* h+",2,true,8,376,828,24
"secretagent","A* h+",3,true,8,376,828,25
"secretagent","A* h+",4,true,8,372,815,24
"secretagent","A* h+",5,true,8,376,828,25
"secretagent","A* h+",6,true,8,372,815,24
"secretagent","A* h+",7,true,8,372,815,25
"secretagent","A* h+",8,true,8,376,828,42
"secretagent","A* h+",9,true,8,376,828,42
"secretagent","A* h+",10,true,8,376,828,40
"secretagent","A* hmax",1,true,8,344,757,23
"secretagent","A* hmax",2,true,8,344,757,28
"secretagent","A* hmax",3,true,8,344,757,36
"secretagent","A* hmax",4,true,8,344,757,21
"secretagent","A* hmax",5,true,8,344,757,21
"secretagent","A* hmax",6,true,8,344,757,21
"secretagent","A* hmax",7,true,8,344,757,35
"secretagent","A* hmax",8,true,8,344,757,22
"secretagent","A* hmax",9,true,8,344,757,33
"secretagent","A* hmax",10,true,8,344,757,20
"secretagent","A* rp",1,true,8,420,785,45
"secretagent","A* rp",2,true,8,420,785,45
"secretagent","A* rp",3,true,8,420,785,44
"secretagent","A* rp",4,true,8,404,721,40
"secretagent","A* rp",5,true,8,420,785,47
"secretagent","A* rp",6,true,8,420,785,45
"secretagent","A* rp",7,true,8,420,785,46
"secretagent","A* rp",8,true,8,420,785,44
"secretagent","A* rp",9,true,8,420,785,45
"secretagent","A* rp",10,true,8,420,785,51
"secretagent","EFS h+",1,true,8,30,115,22
"secretagent","EFS h+",2,true,8,35,128,18
"secretagent","EFS h+",3,true,8,35,128,25
"secretagent","EFS h+",4,true,8,30,115,18
"secretagent","EFS h+",5,true,8,35,128,18
"secretagent","EFS h+",6,true,8,30,115,10
"secretagent","EFS h+",7,true,8,30,115,12
"secretagent","EFS h+",8,true,8,35,128,20
"secretagent","EFS h+",9,true,8,35,128,21
"secretagent","EFS h+",10,true,8,35,128,21
"secretagent","EFS hmax",1,true,8,34,107,18
"secretagent","EFS hmax",2,true,8,34,107,20
"secretagent","EFS hmax",3,true,8,34,107,20
"secretagent","EFS hmax",4,true,8,34,107,16
"secretagent","EFS hmax",5,true,8,34,107,17
"secretagent","EFS hmax",6,true,8,34,107,20
"secretagent","EFS hmax",7,true,8,34,107,18
"secretagent","EFS hmax",8,true,8,34,107,19
"secretagent","EFS hmax",9,true,8,34,107,19
"secretagent","EFS hmax",10,true,8,34,107,19
"secretagent","EFS rp",1,true,8,34,115,24
"secretagent","EFS rp",2,true,8,34,115,13
"secretagent","EFS rp",3,true,8,34,115,15
"secretagent","EFS rp",4,true,8,39,128,28
"secretagent","EFS rp",5,true,8,34,115,23
"secretagent","EFS rp",6,true,8,34,115,13
"secretagent","EFS rp",7,true,8,34,115,23
"secretagent","EFS rp",8,true,8,34,115,23
"secretagent","EFS rp",9,true,8,34,115,19
"secretagent","EFS rp",10,true,8,34,115,19
"secretagent","GFS h+",1,true,8,221,492,24
"secretagent","GFS h+",2,true,8,225,504,22
"secretagent","GFS h+",3,true,8,225,504,22
"secretagent","GFS h+",4,true,8,221,492,25
"secretagent","GFS h+",5,true,8,225,504,25
"secretagent","GFS h+",6,true,8,221,492,26
"secretagent","GFS h+",7,true,8,221,492,23
"secretagent","GFS h+",8,true,8,225,504,24
"secretagent","GFS h+",9,true,8,225,504,22
"secretagent","GFS h+",10,true,8,225,504,23
"secretagent","GFS hmax",1,true,8,219,504,31
"secretagent","GFS hmax",2,true,8,219,504,23
"secretagent","GFS hmax",3,true,8,219,504,33
"secretagent","GFS hmax",4,true,8,219,504,21
"secretagent","GFS hmax",5,true,8,219,504,22
"secretagent","GFS hmax",6,true,8,219,504,33
"secretagent","GFS hmax",7,true,8,219,504,33
"secretagent","GFS hmax",8,true,8,219,504,35
"secretagent","GFS hmax",9,true,8,219,504,35
"secretagent","GFS hmax",10,true,8,219,504,35
"secretagent","GFS rp",1,true,8,218,491,24
"secretagent","GFS rp",2,true,8,218,491,22
"secretagent","GFS rp",3,true,8,218,491,31
"secretagent","GFS rp",4,true,8,185,423,24
"secretagent","GFS rp",5,true,8,218,491,25
"secretagent","GFS rp",6,true,8,218,491,23
"secretagent","GFS rp",7,true,8,218,491,24
"secretagent","GFS rp",8,true,8,218,491,23
"secretagent","GFS rp",9,true,8,218,491,23
"secretagent","GFS rp",10,true,8,218,491,27
"aladdin_any","BFS",1,false,,1000000,34999712,5872145
"aladdin_any","BFS",2,false,,1000000,34999717,5865950
"aladdin_any","BFS",3,false,,1000000,35004125,5876776
"aladdin_any","BFS",4,false,,1000000,35003061,5876776
"aladdin_any","BFS",5,false,,1000000,34999713,5870812
"aladdin_any","BFS",6,false,,1000000,34998940,5855874
"aladdin_any","BFS",7,false,,1000000,35003061,5855910
"aladdin_any","BFS",8,false,,1000000,34998940,5865450
"aladdin_any","BFS",9,false,,1000000,35004125,5867253
"aladdin_any","BFS",10,false,,1000000,34993640,5848009
"aladdin_any","EFS",1,false,,1000000,21042645,3932936
"aladdin_any","EFS",2,false,,1000000,21122608,3930867
"aladdin_any","EFS",3,false,,1000000,21084354,3920857
"aladdin_any","EFS",4,false,,1000000,21080114,3937429
"aladdin_any","EFS",5,false,,1000000,21084287,3933350
"aladdin_any","EFS",6,false,,1000000,21087404,4013181
"aladdin_any","EFS",7,false,,1000000,21085034,3895175
"aladdin_any","EFS",8,false,,1000000,21121534,3961884
"aladdin_any","EFS",9,false,,1000000,21121962,3924240
"aladdin_any","EFS",10,false,,1000000,21079703,3959369
"aladdin_any","GFS",1,false,,1000000,12229291,1344625
"aladdin_any","GFS",2,false,,1000000,12229291,1345573
"aladdin_any","GFS",3,false,,1000000,12226292,1347800
"aladdin_any","GFS",4,false,,1000000,12227409,1360535
"aladdin_any","GFS",5,false,,1000000,12229291,1357921
"aladdin_any","GFS",6,false,,1000000,12229308,1349840
"aladdin_any","GFS",7,false,,1000000,12227409,1351700
"aladdin_any","GFS",8,false,,1000000,12229318,1346938
"aladdin_any","GFS",9,false,,1000000,12226294,1349452
"aladdin_any","GFS",10,false,,1000000,12499057,1332383
"aladdin_any","A* h+",1,false,,1000000,25867025,9341742
"aladdin_any","A* h+",2,false,,1000000,25840823,9377794
"aladdin_any","A* h+",3,false,,1000000,25865023,9659094
"aladdin_any","A* h+",4,false,,1000000,25844282,10053931
"aladdin_any","A* h+",5,false,,1000000,25864640,9982664
"aladdin_any","A* h+",6,false,,1000000,25864729,9950893
"aladdin_any","A* h+",7,false,,1000000,25858524,10302759
"aladdin_any","A* h+",8,false,,1000000,25836505,9963290
"aladdin_any","A* h+",9,false,,1000000,25847504,9969214
"aladdin_any","A* h+",10,false,,1000000,25865037,9914095
"aladdin_any","A* hmax",1,false,,1000000,25646517,9841795
"aladdin_any","A* hmax",2,false,,1000000,25630427,9789509
"aladdin_any","A* hmax",3,false,,1000000,25651863,9672983
"aladdin_any","A* hmax",4,false,,1000000,25629215,9468167
"aladdin_any","A* hmax",5,false,,1000000,25650235,9606422
"aladdin_any","A* hmax",6,false,,1000000,25650432,9638333
"aladdin_any","A* hmax",7,false,,1000000,25640140,9528530
"aladdin_any","A* hmax",8,false,,1000000,25624176,9981591
"aladdin_any","A* hmax",9,false,,1000000,25639217,9671573
"aladdin_any","A* hmax",10,false,,1000000,25646323,9931859
"aladdin_any","A* rp",1,false,,1000000,26816915,9965255
"aladdin_any","A* rp",2,false,,1000000,26846122,10547966
"aladdin_any","A* rp",3,false,,1000000,26848810,10572086
"aladdin_any","A* rp",4,false,,1000000,26797251,10408097
"aladdin_any","A* rp",5,false,,1000000,26825064,10728649
"aladdin_any","A* rp",6,false,,1000000,26846445,10587020
"aladdin_any","A* rp",7,false,,1000000,26803055,10162501
"aladdin_any","A* rp",8,false,,1000000,26849865,10207019
"aladdin_any","A* rp",9,false,,1000000,26850400,10339894
"aladdin_any","A* rp",10,false,,1000000,26831617,10878897
"aladdin_any","EFS h+",1,false,,1000000,4097841,1567399
"aladdin_any","EFS h+",2,false,,1000000,4097043,1538856
"aladdin_any","EFS h+",3,false,,1000000,4102399,1596507
"aladdin_any","EFS h+",4,false,,1000000,4094765,1620779
"aladdin_any","EFS h+",5,false,,1000000,4094982,1592482
"aladdin_any","EFS h+",6,false,,1000000,4084474,1603865
"aladdin_any","EFS h+",7,false,,1000000,4098471,1680473
"aladdin_any","EFS h+",8,false,,1000000,4084526,1640722
"aladdin_any","EFS h+",9,false,,1000000,4106921,1674932
"aladdin_any","EFS h+",10,false,,1000000,4099680,1613928
"aladdin_any","EFS hmax",1,false,,1000000,16723847,7552636
"aladdin_any","EFS hmax",2,false,,1000000,16723670,7567864
"aladdin_any","EFS hmax",3,false,,1000000,16260234,7348937
"aladdin_any","EFS hmax",4,false,,1000000,15869398,7065835
"aladdin_any","EFS hmax",5,false,,1000000,16323417,7315632
"aladdin_any","EFS hmax",6,false,,1000000,16712913,7531543
"aladdin_any","EFS hmax",7,false,,1000000,15865531,6974796
"aladdin_any","EFS hmax",8,false,,1000000,16694674,7398689
"aladdin_any","EFS hmax",9,false,,1000000,15680613,7091841
"aladdin_any","EFS hmax",10,false,,1000000,16696847,7396924
"aladdin_any","EFS rp",1,false,,1000000,3680776,1519478
"aladdin_any","EFS rp",2,false,,1000000,4002243,1559567
"aladdin_any","EFS rp",3,false,,1000000,4178345,1592985
"aladdin_any","EFS rp",4,false,,1000000,3830447,1502672
"aladdin_any","EFS rp",5,false,,1000000,3922474,1586044
"aladdin_any","EFS rp",6,false,,1000000,3919576,1540062
"aladdin_any","EFS rp",7,false,,1000000,4087726,1614711
"aladdin_any","EFS rp",8,false,,1000000,3965886,1607944
"aladdin_any","EFS rp",9,false,,1000000,4008191,1575768
"aladdin_any","EFS rp",10,false,,1000000,3678122,1480673
"aladdin_any","GFS h+",1,false,,1000000,1541548,519548
"aladdin_any","GFS h+",2,false,,1000000,8518951,3206313
"aladdin_any","GFS h+",3,false,,1000000,9084353,3284978
"aladdin_any","GFS h+",4,false,,1000000,8514488,3289763
"aladdin_any","GFS h+",5,false,,1000000,8518951,3296349
"aladdin_any","GFS h+",6,false,,1000000,9064835,3319827
"aladdin_any","GFS h+",7,false,,1000000,1521643,529632
"aladdin_any","GFS h+",8,false,,1000000,1541574,526913
"aladdin_any","GFS h+",9,false,,1000000,8514765,3340614
"aladdin_any","GFS h+",10,false,,1000000,8517689,3280641
"aladdin_any","GFS hmax",1,false,,1000000,9230629,3367348
"aladdin_any","GFS hmax",2,false,,1000000,8513768,3083994
"aladdin_any","GFS hmax",3,false,,1000000,9006041,3346209
"aladdin_any","GFS hmax",4,false,,1000000,8508572,3086866
"aladdin_any","GFS hmax",5,false,,1000000,8535454,3022477
"aladdin_any","GFS hmax",6,false,,1000000,9006849,3375434
"aladdin_any","GFS hmax",7,false,,1000000,9228137,3330321
"aladdin_any","GFS hmax",8,false,,1000000,9230733,3345700
"aladdin_any","GFS hmax",9,false,,1000000,8511209,3124190
"aladdin_any","GFS hmax",10,false,,1000000,8535421,3096926
"aladdin_any","GFS rp",1,false,,1000000,1516057,585409
"aladdin_any","GFS rp",2,false,,1000000,8753583,3424505
"aladdin_any","GFS rp",3,false,,1000000,9205174,3354323
"aladdin_any","GFS rp",4,false,,1000000,8004922,2957475
"aladdin_any","GFS rp",5,false,,1000000,6263267,2117033
"aladdin_any","GFS rp",6,false,,1000000,9243617,3642650
"aladdin_any","GFS rp",7,false,,1000000,1494545,527239
"aladdin_any","GFS rp",8,false,,1000000,1508846,543655
"aladdin_any","GFS rp",9,false,,1000000,8793441,3291618
"aladdin_any","GFS rp",10,false,,1000000,8639567,3490041
"aladdin_both","BFS",1,false,,1000000,34999712,5682372
"aladdin_both","BFS",2,false,,1000000,34999717,5813248
"aladdin_both","BFS",3,false,,1000000,35004125,5820134
"aladdin_both","BFS",4,false,,1000000,35003061,5752499
"aladdin_both","BFS",5,false,,1000000,34999713,5813473
"aladdin_both","BFS",6,false,,1000000,34998940,5825645
"aladdin_both","BFS",7,false,,1000000,35003061,5789047
"aladdin_both","BFS",8,false,,1000000,34998940,5881631
"aladdin_both","BFS",9,false,,1000000,35004125,5879398
"aladdin_both","BFS",10,false,,1000000,34993640,5941028
"aladdin_both","EFS",1,false,,1000000,21042645,3902273
"aladdin_both","EFS",2,false,,1000000,21122608,3927747
"aladdin_both","EFS",3,false,,1000000,21084354,3902481
"aladdin_both","EFS",4,false,,1000000,21080114,3914395
"aladdin_both","EFS",5,false,,1000000,21084287,3903887
"aladdin_both","EFS",6,false,,1000000,21087404,3989589
"aladdin_both","EFS",7,false,,1000000,21085034,3816952
"aladdin_both","EFS",8,false,,1000000,21121534,3772646
"aladdin_both","EFS",9,false,,1000000,21121962,3718985
"aladdin_both","EFS",10,false,,1000000,21079703,3801755
"aladdin_both","GFS",1,false,,1000000,12229291,1417469
"aladdin_both","GFS",2,false,,1000000,12229291,1389566
"aladdin_both","GFS",3,false,,1000000,12226292,1403312
"aladdin_both","GFS",4,false,,1000000,12227409,1378031
"aladdin_both","GFS",5,false,,1000000,12229291,1392196
"aladdin_both","GFS",6,false,,1000000,12229308,1393100
"aladdin_both","GFS",7,false,,1000000,12227409,1372710
"aladdin_both","GFS",8,false,,1000000,12229318,1372461
"aladdin_both","GFS",9,false,,1000000,12226294,1377853
"aladdin_both","GFS",10,false,,1000000,12499057,1402725
"aladdin_both","A* h+",1,false,,1000000,25867025,9227985
"aladdin_both","A* h+",2,false,,1000000,25840823,9609765
"aladdin_both","A* h+",3,false,,1000000,25865023,9460639
"aladdin_both","A* h+",4,false,,1000000,25844282,9577647
"aladdin_both","A* h+",5,false,,1000000,25864640,9734698
"aladdin_both","A* h+",6,false,,1000000,25864729,9622458
"aladdin_both","A* h+",7,false,,1000000,25858524,9633822
"aladdin_both","A* h+",8,false,,1000000,25836505,9597794
"aladdin_both","A* h+",9,false,,1000000,25847504,10015876
"aladdin_both","A* h+",10,false,,1000000,25865037,9863987
"aladdin_both","A* hmax",1,false,,1000000,25646517,9619854
"aladdin_both","A* hmax",2,false,,1000000,25630427,9858264
"aladdin_both","A* hmax",3,false,,1000000,25651863,9613890
"aladdin_both","A* hmax",4,false,,1000000,25629215,9770372
"aladdin_both","A* hmax",5,false,,1000000,25650235,9763555
"aladdin_both","A* hmax",6,false,,1000000,25650432,9483880
"aladdin_both","A* hmax",7,false,,1000000,25640140,9433932
"aladdin_both","A* hmax",8,false,,1000000,25624176,9434539
"aladdin_both","A* hmax",9,false,,1000000,25639217,9603197
"aladdin_both","A* hmax",10,false,,1000000,25646323,9985974
"aladdin_both","A* rp",1,false,,1000000,26816915,10331157
"aladdin_both","A* rp",2,false,,1000000,26846122,10741108
"aladdin_both","A* rp",3,false,,1000000,26848810,10442534
"aladdin_both","A* rp",4,false,,1000000,26797251,10553396
"aladdin_both","A* rp",5,false,,1000000,26825064,10493948
"aladdin_both","A* rp",6,false,,1000000,26846445,10358798
"aladdin_both","A* rp",7,false,,1000000,26803055,10296592
"aladdin_both","A* rp",8,false,,1000000,26849865,10655572
"aladdin_both","A* rp",9,false,,1000000,26850400,10700497
"aladdin_both","A* rp",10,false,,1000000,26831617,10696568
"aladdin_both","EFS h+",1,false,,1000000,4097841,1573004
"aladdin_both","EFS h+",2,false,,1000000,4097043,1592295
"aladdin_both","EFS h+",3,false,,1000000,4102399,1586970
"aladdin_both","EFS h+",4,false,,1000000,4094765,1508077
"aladdin_both","EFS h+",5,false,,1000000,4094982,1519199
"aladdin_both","EFS h+",6,false,,1000000,4084474,1570076
"aladdin_both","EFS h+",7,false,,1000000,4098471,1622210
"aladdin_both","EFS h+",8,false,,1000000,4084526,1570871
"aladdin_both","EFS h+",9,false,,1000000,4106921,1545625
"aladdin_both","EFS h+",10,false,,1000000,4099680,1643884
"aladdin_both","EFS hmax",1,false,,1000000,16723847,7302547
"aladdin_both","EFS hmax",2,false,,1000000,16723670,7295823
"aladdin_both","EFS hmax",3,false,,1000000,16260234,7347760
"aladdin_both","EFS hmax",4,false,,1000000,15869398,7090185
"aladdin_both","EFS hmax",5,false,,1000000,16323417,7417017
"aladdin_both","EFS hmax",6,false,,1000000,16712913,7493830
"aladdin_both","EFS hmax",7,false,,1000000,15865531,6966179
"aladdin_both","EFS hmax",8,false,,1000000,16694674,7507338
"aladdin_both","EFS hmax",9,false,,1000000,15680613,6951686
"aladdin_both","EFS hmax",10,false,,1000000,16696847,7375261
"aladdin_both","EFS rp",1,false,,1000000,3680776,1547558
"aladdin_both","EFS rp",2,false,,1000000,4002243,1665381
"aladdin_both","EFS rp",3,false,,1000000,4178345,1650780
"aladdin_both","EFS rp",4,false,,1000000,3830447,1485461
"aladdin_both","EFS rp",5,false,,1000000,3922474,1512538
"aladdin_both","EFS rp",6,false,,1000000,3919576,1484833
"aladdin_both","EFS rp",7,false,,1000000,4087726,1650166
"aladdin_both","EFS rp",8,false,,1000000,3965886,1551100
"aladdin_both","EFS rp",9,false,,1000000,4008191,1653089
"aladdin_both","EFS rp",10,false,,1000000,3678122,1539176
"aladdin_both","GFS h+",1,false,,1000000,1541548,538172
"aladdin_both","GFS h+",2,false,,1000000,8518951,3282546
"aladdin_both","GFS h+",3,false,,1000000,9084353,3296086
"aladdin_both","GFS h+",4,false,,1000000,8514488,3220723
"aladdin_both","GFS h+",5,false,,1000000,8518951,3186022
"aladdin_both","GFS h+",6,false,,1000000,9064835,3353519
"aladdin_both","GFS h+",7,false,,1000000,1521643,554156
"aladdin_both","GFS h+",8,false,,1000000,1541574,546534
"aladdin_both","GFS h+",9,false,,1000000,8514765,3163148
"aladdin_both","GFS h+",10,false,,1000000,8517689,3363303
"aladdin_both","GFS hmax",1,false,,1000000,9230629,3361284
"aladdin_both","GFS hmax",2,false,,1000000,8513768,3251352
"aladdin_both","GFS hmax",3,false,,1000000,9006041,3356603
"aladdin_both","GFS hmax",4,false,,1000000,8508572,3117074
"aladdin_both","GFS hmax",5,false,,1000000,8535454,3063184
"aladdin_both","GFS hmax",6,false,,1000000,9006849,3254257
"aladdin_both","GFS hmax",7,false,,1000000,9228137,3308094
"aladdin_both","GFS hmax",8,false,,1000000,9230733,3232093
"aladdin_both","GFS hmax",9,false,,1000000,8511209,3136222
"aladdin_both","GFS hmax",10,false,,1000000,8535421,3093537
"aladdin_both","GFS rp",1,false,,1000000,1516057,578097
"aladdin_both","GFS rp",2,false,,1000000,8753583,3367695
"aladdin_both","GFS rp",3,false,,1000000,9205174,3307867
"aladdin_both","GFS rp",4,false,,1000000,8004922,2963263
"aladdin_both","GFS rp",5,false,,1000000,6263267,2183058
"aladdin_both","GFS rp",6,false,,1000000,9243617,3639743
"aladdin_both","GFS rp",7,false,,1000000,1494545,541442
"aladdin_both","GFS rp",8,false,,1000000,1508846,545501
"aladdin_both","GFS rp",9,false,,1000000,8793441,3515605
"aladdin_both","GFS rp",10,false,,1000000,8639567,3533185
"hospital_any","BFS",1,true,4,31106,755032,24787
"hospital_any","BFS",2,true,4,31158,756042,25137
"hospital_any","BFS",3,true,4,31639,761128,25132
"hospital_any","BFS",4,true,4,31150,755796,24650
"hospital_any","BFS",5,true,4,31499,758769,24815
"hospital_any","BFS",6,true,4,31142,755576,24969
"hospital_any","BFS",7,true,4,31526,759291,24860
"hospital_any","BFS",8,true,4,31496,758937,24820
"hospital_any","BFS",9,true,4,31131,755520,25011
"hospital_any","BFS",10,true,4,31152,755866,24964
"hospital_any","EFS",1,false,,1000000,3762148,139022
"hospital_any","EFS",2,false,,1000000,3911352,146100
"hospital_any","EFS",3,false,,1000000,3887218,145600
"hospital_any","EFS",4,false,,1000000,3864921,144687
"hospital_any","EFS",5,false,,1000000,3882322,146159
"hospital_any","EFS",6,false,,1000000,3800179,141101
"hospital_any","EFS",7,false,,1000000,3808800,141324
"hospital_any","EFS",8,false,,1000000,3889067,144904
"hospital_any","EFS",9,false,,1000000,3799403,140387
"hospital_any","EFS",10,false,,1000000,3806664,141356
"hospital_any","GFS",1,true,4,37750,841226,33216
"hospital_any","GFS",2,true,4,218182,1117929,44604
"hospital_any","GFS",3,true,4,53282,1204432,47799
"hospital_any","GFS",4,true,4,218165,1117493,45522
"hospital_any","GFS",5,true,4,46184,1036189,41016
"hospital_any","GFS",6,true,4,38986,865982,34270
"hospital_any","GFS",7,true,4,225924,1298658,52585
"hospital_any","GFS",8,true,4,224718,1274486,54024
"hospital_any","GFS",9,true,4,217560,1105197,46002
"hospital_any","GFS",10,true,4,38986,865982,34337
"hospital_any","A* h+",1,true,4,317,9243,2049
"hospital_any","A* h+",2,true,4,317,9243,2176
"hospital_any","A* h+",3,true,4,317,9243,2218
"hospital_any","A* h+",4,true,4,317,9243,2138
"hospital_any","A* h+",5,true,4,317,9243,2283
"hospital_any","A* h+",6,true,4,317,9243,2139
"hospital_any","A* h+",7,true,4,317,9243,2080
"hospital_any","A* h+",8,true,4,317,9243,2130
"hospital_any","A* h+",9,true,4,317,9243,2178
"hospital_any","A* h+",10,true,4,317,9243,2167
"hospital_any","A* hmax",1,true,4,347,10047,2272
"hospital_any","A* hmax",2,true,4,347,10047,2277
"hospital_any","A* hmax",3,true,4,347,10047,2276
"hospital_any","A* hmax",4,true,4,347,10047,2361
"hospital_any","A* hmax",5,true,4,347,10047,2279
"hospital_any","A* hmax",6,true,4,347,10047,2268
"hospital_any","A* hmax",7,true,4,347,10047,2210
"hospital_any","A* hmax",8,true,4,347,10047,2523
"hospital_any","A* hmax",9,true,4,347,10047,2243
"hospital_any","A* hmax",10,true,4,347,10047,2289
"hospital_any","A* rp",1,true,4,153,4531,1185
"hospital_any","A* rp",2,true,4,47539,495761,136315
"hospital_any","A* rp",3,true,4,135,3919,1111
"hospital_any","A* rp",4,true,4,457,13542,3457
"hospital_any","A* rp",5,true,4,135,3919,1053
"hospital_any","A* rp",6,true,4,135,3919,1086
"hospital_any","A* rp",7,true,4,1768,32663,9477
"hospital_any","A* rp",8,true,4,117,3307,943
"hospital_any","A* rp",9,true,4,488,14463,3976
"hospital_any","A* rp",10,true,4,3232,89860,25217
"hospital_any","EFS h+",1,false,,1000000,3747401,697291
"hospital_any","EFS h+",2,false,,1000000,3746806,690104
"hospital_any","EFS h+",3,false,,1000000,3747464,715575
"hospital_any","EFS h+",4,false,,1000000,3745572,706324
"hospital_any","EFS h+",5,false,,1000000,3746942,755715
"hospital_any","EFS h+",6,false,,1000000,3748564,726768
"hospital_any","EFS h+",7,false,,1000000,3748750,710487
"hospital_any","EFS h+",8,false,,1000000,3747232,667700
"hospital_any","EFS h+",9,false,,1000000,3748504,699421
"hospital_any","EFS h+",10,false,,1000000,3748439,706723
"hospital_any","EFS hmax",1,true,4,133494,2326279,458399
"hospital_any","EFS hmax",2,true,4,133666,2328462,499592
"hospital_any","EFS hmax",3,true,4,133852,2329603,492036
"hospital_any","EFS hmax",4,true,4,133360,2325027,491918
"hospital_any","EFS hmax",5,true,4,133914,2331512,516079
"hospital_any","EFS hmax",6,true,4,133338,2325436,508719
"hospital_any","EFS hmax",7,true,4,133920,2333542,482605
"hospital_any","EFS hmax",8,true,4,133954,2332738,506592
"hospital_any","EFS hmax",9,true,4,133295,2324780,470706
"hospital_any","EFS hmax",10,true,4,133781,2331268,489330
"hospital_any","EFS rp",1,true,4,983987,3659034,820289
"hospital_any","EFS rp",2,true,5,594481,2493247,521620
"hospital_any","EFS rp",3,true,4,945707,3452290,732502
"hospital_any","EFS rp",4,false,,1000000,4081137,922722
"hospital_any","EFS rp",5,true,4,919282,3384318,730326
"hospital_any","EFS rp",6,true,4,908610,3347542,750416
"hospital_any","EFS rp",7,true,4,951950,3512643,740098
"hospital_any","EFS rp",8,true,4,900904,3309658,709663
"hospital_any","EFS rp",9,false,,1000000,4078218,871242
"hospital_any","EFS rp",10,true,5,703556,2847406,628194
"hospital_any","GFS h+",1,true,4,39,875,261
"hospital_any","GFS h+",2,true,4,96895,131651,32862
"hospital_any","GFS h+",3,true,4,39,875,298
"hospital_any","GFS h+",4,true,4,96895,131671,35751
"hospital_any","GFS h+",5,true,4,39,875,263
"hospital_any","GFS h+",6,true,4,39,875,241
"hospital_any","GFS h+",7,true,4,96895,131651,31279
"hospital_any","GFS h+",8,true,4,96895,131671,32834
"hospital_any","GFS h+",9,true,4,96895,131691,32007
"hospital_any","GFS h+",10,true,4,39,875,251
"hospital_any","GFS hmax",1,true,4,54,1196,303
"hospital_any","GFS hmax",2,true,4,810,12645,3137
"hospital_any","GFS hmax",3,true,4,54,1196,319
"hospital_any","GFS hmax",4,true,4,810,12645,2733
"hospital_any","GFS hmax",5,true,4,54,1196,318
"hospital_any","GFS hmax",6,true,4,54,1196,313
"hospital_any","GFS hmax",7,true,4,810,12645,3082
"hospital_any","GFS hmax",8,true,4,810,12645,3047
"hospital_any","GFS hmax",9,true,4,810,12645,3103
"hospital_any","GFS hmax",10,true,4,54,1196,337
"hospital_any","GFS rp",1,true,4,23,545,167
"hospital_any","GFS rp",2,true,4,28874,46373,12357
"hospital_any","GFS rp",3,true,4,23,545,164
"hospital_any","GFS rp",4,true,5,11723,27105,7174
"hospital_any","GFS rp",5,true,4,23,545,168
"hospital_any","GFS rp",6,true,4,23,545,171
"hospital_any","GFS rp",7,true,4,95991,131402,34203
"hospital_any","GFS rp",8,true,4,23,545,167
"hospital_any","GFS rp",9,true,5,11511,26085,6805
"hospital_any","GFS rp",10,true,5,10332,23032,6019
"hospital_both","BFS",1,false,,1000000,21824391,1488933
"hospital_both","BFS",2,false,,1000000,21538112,1765897
"hospital_both","BFS",3,false,,1000000,21579662,1767349
"hospital_both","BFS",4,false,,1000000,21542373,1759727
"hospital_both","BFS",5,false,,1000000,21571495,1769389
"hospital_both","BFS",6,false,,1000000,21811431,1487686
"hospital_both","BFS",7,false,,1000000,21796643,1488783
"hospital_both","BFS",8,false,,1000000,21560440,1770261
"hospital_both","BFS",9,false,,1000000,21820222,1481369
"hospital_both","BFS",10,false,,1000000,21799052,1472539
"hospital_both","EFS",1,false,,1000000,3762148,142399
"hospital_both","EFS",2,false,,1000000,3911352,147020
"hospital_both","EFS",3,false,,1000000,3887218,145599
"hospital_both","EFS",4,false,,1000000,3864921,145180
"hospital_both","EFS",5,false,,1000000,3882322,147819
"hospital_both","EFS",6,false,,1000000,3800179,142069
"hospital_both","EFS",7,false,,1000000,3808800,142432
"hospital_both","EFS",8,false,,1000000,3889067,145409
"hospital_both","EFS",9,false,,1000000,3799403,141472
"hospital_both","EFS",10,false,,1000000,3806664,141482
"hospital_both","GFS",1,false,,1000000,3998895,167009
"hospital_both","GFS",2,false,,1000000,4390146,184083
"hospital_both","GFS",3,false,,1000000,4357026,181361
"hospital_both","GFS",4,false,,1000000,4182640,171926
"hospital_both","GFS",5,false,,1000000,4349912,180720
"hospital_both","GFS",6,false,,1000000,4356283,179245
"hospital_both","GFS",7,false,,1000000,4018319,168438
"hospital_both","GFS",8,false,,1000000,4377788,185643
"hospital_both","GFS",9,false,,1000000,4361363,182457
"hospital_both","GFS",10,false,,1000000,4373202,184404
"hospital_both","A* h+",1,false,,1000000,22387072,5346698
"hospital_both","A* h+",2,false,,1000000,22391700,5177864
"hospital_both","A* h+",3,false,,1000000,22392993,5404693
"hospital_both","A* h+",4,false,,1000000,22390578,5443451
"hospital_both","A* h+",5,false,,1000000,22391435,5242066
"hospital_both","A* h+",6,false,,1000000,22385904,5276042
"hospital_both","A* h+",7,false,,1000000,22386062,5225951
"hospital_both","A* h+",8,false,,1000000,22391220,5357610
"hospital_both","A* h+",9,false,,1000000,22386191,5392714
"hospital_both","A* h+",10,false,,1000000,22386206,5268315
"hospital_both","A* hmax",1,false,,1000000,21991696,4930574
"hospital_both","A* hmax",2,false,,1000000,21951901,4916246
"hospital_both","A* hmax",3,false,,1000000,21982889,5278338
"hospital_both","A* hmax",4,false,,1000000,21968172,5078230
"hospital_both","A* hmax",5,false,,1000000,21974471,4995871
"hospital_both","A* hmax",6,false,,1000000,21995953,5124016
"hospital_both","A* hmax",7,false,,1000000,21989608,4928341
"hospital_both","A* hmax",8,false,,1000000,21972906,5177216
"hospital_both","A* hmax",9,false,,1000000,21994866,5273421
"hospital_both","A* hmax",10,false,,1000000,21993816,5257842
"hospital_both","A* rp",1,false,,1000000,25247249,6456215
"hospital_both","A* rp",2,false,,1000000,16065732,4229874
"hospital_both","A* rp",3,false,,1000000,25211446,6507770
"hospital_both","A* rp",4,false,,1000000,22766198,5992783
"hospital_both","A* rp",5,false,,1000000,25203517,6573016
"hospital_both","A* rp",6,false,,1000000,25303521,6723233
"hospital_both","A* rp",7,false,,1000000,17103739,4634199
"hospital_both","A* rp",8,false,,1000000,24425671,6375366
"hospital_both","A* rp",9,false,,1000000,25545061,6697153
"hospital_both","A* rp",10,false,,1000000,25633701,6851618
"hospital_both","EFS h+",1,false,,1000000,3747401,704046
"hospital_both","EFS h+",2,false,,1000000,3746806,675089
"hospital_both","EFS h+",3,false,,1000000,3747464,704853
"hospital_both","EFS h+",4,false,,1000000,3745572,701111
"hospital_both","EFS h+",5,false,,1000000,3746942,724980
"hospital_both","EFS h+",6,false,,1000000,3748564,709214
"hospital_both","EFS h+",7,false,,1000000,3748750,710815
"hospital_both","EFS h+",8,false,,1000000,3747232,704066
"hospital_both","EFS h+",9,false,,1000000,3748504,717945
"hospital_both","EFS h+",10,false,,1000000,3748439,730476
"hospital_both","EFS hmax",1,false,,1000000,17612858,3657667
"hospital_both","EFS hmax",2,false,,1000000,17603554,3691364
"hospital_both","EFS hmax",3,false,,1000000,17602400,3784309
"hospital_both","EFS hmax",4,false,,1000000,17621813,3688756
"hospital_both","EFS hmax",5,false,,1000000,17602981,3659906
"hospital_both","EFS hmax",6,false,,1000000,17615672,3699520
"hospital_both","EFS hmax",7,false,,1000000,17605946,3735764
"hospital_both","EFS hmax",8,false,,1000000,17604124,3674795
"hospital_both","EFS hmax",9,false,,1000000,17616033,3660807
"hospital_both","EFS hmax",10,false,,1000000,17605413,3910077
"hospital_both","EFS rp",1,false,,1000000,3714430,833320
"hospital_both","EFS rp",2,false,,1000000,3980154,1018441
"hospital_both","EFS rp",3,false,,1000000,3626511,793961
"hospital_both","EFS rp",4,false,,1000000,4081137,873235
"hospital_both","EFS rp",5,false,,1000000,3626888,848475
"hospital_both","EFS rp",6,false,,1000000,3626401,790923
"hospital_both","EFS rp",7,false,,1000000,3671880,827885
"hospital_both","EFS rp",8,false,,1000000,3611603,795930
"hospital_both","EFS rp",9,false,,1000000,4078218,876893
"hospital_both","EFS rp",10,false,,1000000,3859374,967820
"hospital_both","GFS h+",1,false,,1000000,1392330,267169
"hospital_both","GFS h+",2,false,,1000000,1392266,293996
"hospital_both","GFS h+",3,false,,1000000,1392308,281282
"hospital_both","GFS h+",4,false,,1000000,1392438,268803
"hospital_both","GFS h+",5,false,,1000000,1392322,282192
"hospital_both","GFS h+",6,false,,1000000,1392352,283845
"hospital_both","GFS h+",7,false,,1000000,1392324,281935
"hospital_both","GFS h+",8,false,,1000000,1392448,281020
"hospital_both","GFS h+",9,false,,1000000,1392559,273699
"hospital_both","GFS h+",10,false,,1000000,1392447,273209
"hospital_both","GFS hmax",1,false,,1000000,12249220,2666661
"hospital_both","GFS hmax",2,false,,1000000,12253648,2720984
"hospital_both","GFS hmax",3,false,,1000000,12252554,2649894
"hospital_both","GFS hmax",4,false,,1000000,12249362,2671294
"hospital_both","GFS hmax",5,false,,1000000,12253187,2638850
"hospital_both","GFS hmax",6,false,,1000000,12253329,2657164
"hospital_both","GFS hmax",7,false,,1000000,12254423,2738055
"hospital_both","GFS hmax",8,false,,1000000,12253286,2700767
"hospital_both","GFS hmax",9,false,,1000000,12249604,2698246
"hospital_both","GFS hmax",10,false,,1000000,12250186,2638575
"hospital_both","GFS rp",1,false,,1000000,1396976,320060
"hospital_both","GFS rp",2,false,,1000000,1523414,371708
"hospital_both","GFS rp",3,false,,1000000,1385794,320161
"hospital_both","GFS rp",4,false,,1000000,1554530,349257
"hospital_both","GFS rp",5,false,,1000000,1379971,319971
"hospital_both","GFS rp",6,false,,1000000,1396419,316065
"hospital_both","GFS rp",7,false,,1000000,1382591,304204
"hospital_both","GFS rp",8,false,,1000000,1391338,312292
"hospital_both","GFS rp",9,false,,1000000,1589128,341870
"hospital_both","GFS rp",10,false,,1000000,1560587,327887
"basketball_any","BFS",1,true,4,1053,32477,1545
"basketball_any","BFS",2,true,4,1033,32041,1530
"basketball_any","BFS",3,true,4,868,25412,1078
"basketball_any","BFS",4,true,4,2193,72534,3571
"basketball_any","BFS",5,true,4,1013,31596,1506
"basketball_any","BFS",6,true,4,1003,31367,1496
"basketball_any","BFS",7,true,4,2390,79424,4218
"basketball_any","BFS",8,true,4,1033,32019,1492
"basketball_any","BFS",9,true,4,2203,72734,3578
"basketball_any","BFS",10,true,4,898,26086,1113
"basketball_any","EFS",1,false,,1000000,3931000,263875
"basketball_any","EFS",2,true,3,714330,2944429,201514
"basketball_any","EFS",3,false,,1000000,4320276,300778
"basketball_any","EFS",4,false,,1000000,4564623,392508
"basketball_any","EFS",5,true,3,783853,3209002,217488
"basketball_any","EFS",6,true,3,710521,2929405,197586
"basketball_any","EFS",7,false,,1000000,4553804,393245
"basketball_any","EFS",8,false,,1000000,3928530,269882
"basketball_any","EFS",9,false,,1000000,4527449,395788
"basketball_any","EFS",10,false,,1000000,4301161,298845
"basketball_any","GFS",1,true,3,56208,151190,7613
"basketball_any","GFS",2,true,3,58842,148201,7450
"basketball_any","GFS",3,true,3,283403,526044,37656
"basketball_any","GFS",4,true,3,48612,153981,7816
"basketball_any","GFS",5,true,3,58926,149768,7482
"basketball_any","GFS",6,true,3,53160,147570,7425
"basketball_any","GFS",7,true,3,51651,154502,7883
"basketball_any","GFS",8,true,3,56209,151198,7648
"basketball_any","GFS",9,true,3,48635,154576,7840
"basketball_any","GFS",10,true,3,283768,525410,37626
"basketball_any","A* h+",1,true,3,184809,637160,152164
"basketball_any","A* h+",2,true,3,184782,636294,156480
"basketball_any","A* h+",3,true,3,180124,702438,171390
"basketball_any","A* h+",4,true,3,178782,616519,152616
"basketball_any","A* h+",5,true,3,186668,634849,149751
"basketball_any","A* h+",6,true,3,187071,638099,187362
"basketball_any","A* h+",7,true,3,178812,617082,178596
"basketball_any","A* h+",8,true,3,185683,638005,191664
"basketball_any","A* h+",9,true,3,179449,617496,177576
"basketball_any","A* h+",10,true,3,181594,705153,216009
"basketball_any","A* hmax",1,true,4,854,22798,6591
"basketball_any","A* hmax",2,true,4,853,22776,6501
"basketball_any","A* hmax",3,true,4,732,19022,5602
"basketball_any","A* hmax",4,true,4,1202,34004,9468
"basketball_any","A* hmax",5,true,4,844,22673,6451
"basketball_any","A* hmax",6,true,4,843,22591,6552
"basketball_any","A* hmax",7,true,4,1274,36449,10336
"basketball_any","A* hmax",8,true,4,853,22765,6557
"basketball_any","A* hmax",9,true,4,1205,34045,9574
"basketball_any","A* hmax",10,true,4,743,19210,5384
"basketball_any","A* rp",1,true,3,32812,732229,232672
"basketball_any","A* rp",2,true,4,249823,3187837,992877
"basketball_any","A* rp",3,true,3,23140,578440,191907
"basketball_any","A* rp",4,true,3,25912,677504,210277
"basketball_any","A* rp",5,true,3,16539,394772,123829
"basketball_any","A* rp",6,true,4,27073,717261,216032
"basketball_any","A* rp",7,true,4,35477,868004,245440
"basketball_any","A* rp",8,true,4,33733,804680,225994
"basketball_any","A* rp",9,true,4,17156,448075,122301
"basketball_any","A* rp",10,true,4,136749,1464710,458204
"basketball_any","EFS h+",1,true,3,32916,167921,49191
"basketball_any","EFS h+",2,true,3,32971,167567,49610
"basketball_any","EFS h+",3,true,3,336986,1258393,425393
"basketball_any","EFS h+",4,true,3,30259,155067,45444
"basketball_any","EFS h+",5,true,3,32986,167903,49396
"basketball_any","EFS h+",6,true,3,32884,167925,49572
"basketball_any","EFS h+",7,true,3,29237,147749,43102
"basketball_any","EFS h+",8,true,3,32924,167995,49944
"basketball_any","EFS h+",9,true,3,29287,147980,42809
"basketball_any","EFS h+",10,true,3,336057,1254277,398670
"basketball_any","EFS hmax",1,true,3,5004,70505,21723
"basketball_any","EFS hmax",2,true,3,3184,45060,13645
"basketball_any","EFS hmax",3,true,3,34389,353384,116766
"basketball_any","EFS hmax",4,true,3,9335,150393,47733
"basketball_any","EFS hmax",5,true,3,3178,44847,13375
"basketball_any","EFS hmax",6,true,3,3183,45033,13455
"basketball_any","EFS hmax",7,true,3,9356,150576,48459
"basketball_any","EFS hmax",8,true,3,5026,70834,21718
"basketball_any","EFS hmax",9,true,3,9347,150799,47256
"basketball_any","EFS hmax",10,true,3,34593,356134,108464
"basketball_any","EFS rp",1,false,,1000000,3886252,1116695
"basketball_any","EFS rp",2,true,3,254702,1053262,287371
"basketball_any","EFS rp",3,true,3,309415,1277015,341359
"basketball_any","EFS rp",4,true,3,947579,4874481,1219940
"basketball_any","EFS rp",5,true,3,42043,238998,69748
"basketball_any","EFS rp",6,false,,1000000,5110439,1324582
"basketball_any","EFS rp",7,true,3,939139,4826410,1222645
"basketball_any","EFS rp",8,true,3,244447,1018692,264754
"basketball_any","EFS rp",9,true,4,313222,1369901,357914
"basketball_any","EFS rp",10,true,3,98872,474072,149108
"basketball_any","GFS h+",1,true,3,12099,46548,14290
"basketball_any","GFS h+",2,true,3,12106,46638,14228
"basketball_any","GFS h+",3,false,,1000000,1718473,595931
"basketball_any","GFS h+",4,true,3,12011,46371,14352
"basketball_any","GFS h+",5,true,3,21573,75181,23364
"basketball_any","GFS h+",6,true,3,12086,46392,14291
"basketball_any","GFS h+",7,true,3,12022,46500,14085
"basketball_any","GFS h+",8,true,3,12099,46548,14377
"basketball_any","GFS h+",9,true,3,12005,46297,14328
"basketball_any","GFS h+",10,false,,1000000,1718314,591525
"basketball_any","GFS hmax",1,true,3,72054,798917,283834
"basketball_any","GFS hmax",2,true,3,2200,30035,9056
"basketball_any","GFS hmax",3,true,3,12774,156728,58719
"basketball_any","GFS hmax",4,true,3,1943,25274,7891
"basketball_any","GFS hmax",5,true,3,2224,30446,9146
"basketball_any","GFS hmax",6,true,3,2161,29432,8834
"basketball_any","GFS hmax",7,true,3,1986,25863,7994
"basketball_any","GFS hmax",8,true,3,2183,29760,8938
"basketball_any","GFS hmax",9,true,3,1942,25256,7919
"basketball_any","GFS hmax",10,true,3,12781,156817,59001
"basketball_any","GFS rp",1,true,3,292712,512377,184572
"basketball_any","GFS rp",2,true,3,15110,65280,22437
"basketball_any","GFS rp",3,true,3,210651,337583,119157
"basketball_any","GFS rp",4,true,3,9542,31915,10500
"basketball_any","GFS rp",5,true,3,11147,55628,18925
"basketball_any","GFS rp",6,true,3,15757,71378,23767
"basketball_any","GFS rp",7,true,3,8915,30048,10083
"basketball_any","GFS rp",8,true,3,11496,54108,18232
"basketball_any","GFS rp",9,true,4,3852,8755,2897
"basketball_any","GFS rp",10,true,3,216668,355893,135484
"basketball_both","BFS",1,false,,1000000,25124913,4794563
"basketball_both","BFS",2,false,,1000000,25142579,4820149
"basketball_both","BFS",3,false,,1000000,25025198,4358966
"basketball_both","BFS",4,false,,1000000,25346265,4360194
"basketball_both","BFS",5,false,,1000000,25011912,4707756
"basketball_both","BFS",6,false,,1000000,25169383,4795463
"basketball_both","BFS",7,false,,1000000,25389202,4358741
"basketball_both","BFS",8,false,,1000000,25122292,4802790
"basketball_both","BFS",9,false,,1000000,25343623,4407332
"basketball_both","BFS",10,false,,1000000,25019931,4679770
"basketball_both","EFS",1,false,,1000000,3931000,278844
"basketball_both","EFS",2,false,,1000000,3994428,287770
"basketball_both","EFS",3,false,,1000000,4320276,314367
"basketball_both","EFS",4,false,,1000000,4564623,402812
"basketball_both","EFS",5,false,,1000000,3962190,278784
"basketball_both","EFS",6,false,,1000000,3956312,284118
"basketball_both","EFS",7,false,,1000000,4553804,399397
"basketball_both","EFS",8,false,,1000000,3928530,270396
"basketball_both","EFS",9,false,,1000000,4527449,389410
"basketball_both","EFS",10,false,,1000000,4301161,291055
"basketball_both","GFS",1,false,,1000000,1794273,147709
"basketball_both","GFS",2,false,,1000000,1708543,156838
"basketball_both","GFS",3,false,,1000000,1793342,162133
"basketball_both","GFS",4,false,,1000000,1852160,129233
"basketball_both","GFS",5,false,,1000000,1781719,162845
"basketball_both","GFS",6,false,,1000000,1703280,157410
"basketball_both","GFS",7,false,,1000000,1859439,130881
"basketball_both","GFS",8,false,,1000000,1794194,149011
"basketball_both","GFS",9,false,,1000000,1783605,125529
"basketball_both","GFS",10,false,,1000000,1785052,132602
"basketball_both","A* h+",1,false,,1000000,11765392,4555038
"basketball_both","A* h+",2,false,,1000000,11793376,4848949
"basketball_both","A* h+",3,false,,1000000,11539828,4503598
"basketball_both","A* h+",4,false,,1000000,11618367,4543212
"basketball_both","A* h+",5,false,,1000000,11320515,4415688
"basketball_both","A* h+",6,false,,1000000,11550766,4574255
"basketball_both","A* h+",7,false,,1000000,11627505,4671609
"basketball_both","A* h+",8,false,,1000000,11769891,4740154
"basketball_both","A* h+",9,false,,1000000,11478591,4429466
"basketball_both","A* h+",10,false,,1000000,11572627,4628187
"basketball_both","A* hmax",1,true,7,46222,1008136,354594
"basketball_both","A* hmax",2,true,7,46040,1002509,349669
"basketball_both","A* hmax",3,true,7,50428,1128525,391243
"basketball_both","A* hmax",4,true,7,46480,1018622,347589
"basketball_both","A* hmax",5,true,7,47441,1036311,338722
"basketball_both","A* hmax",6,true,7,47035,1028196,323984
"basketball_both","A* hmax",7,true,7,46161,1010254,302644
"basketball_both","A* hmax",8,true,7,46066,1002729,298117
"basketball_both","A* hmax",9,true,7,46295,1013851,292803
"basketball_both","A* hmax",10,true,7,50477,1128400,321843
"basketball_both","A* rp",1,true,7,504348,6815003,2180241
"basketball_both","A* rp",2,true,7,521676,7164050,2300661
"basketball_both","A* rp",3,true,7,562693,7836347,2452757
"basketball_both","A* rp",4,true,7,630809,9970799,3259500
"basketball_both","A* rp",5,true,7,316999,5534998,1715171
"basketball_both","A* rp",6,true,7,567038,9462251,3192326
"basketball_both","A* rp",7,true,7,609707,9554953,3014111
"basketball_both","A* rp",8,true,7,584823,9375967,2801267
"basketball_both","A* rp",9,true,7,463357,7113905,2118620
"basketball_both","A* rp",10,true,7,254128,3690937,1090157
"basketball_both","EFS h+",1,false,,1000000,3598235,1327699
"basketball_both","EFS h+",2,false,,1000000,3626711,1325208
"basketball_both","EFS h+",3,false,,1000000,3766509,1296518
"basketball_both","EFS h+",4,false,,1000000,3495594,1135135
"basketball_both","EFS h+",5,false,,1000000,3585120,1311695
"basketball_both","EFS h+",6,false,,1000000,3588019,1264564
"basketball_both","EFS h+",7,false,,1000000,3495048,1106195
"basketball_both","EFS h+",8,false,,1000000,3627458,1323786
"basketball_both","EFS h+",9,false,,1000000,3490454,1124848
"basketball_both","EFS h+",10,false,,1000000,3766179,1290623
"basketball_both","EFS hmax",1,false,,1000000,12217527,3739401
"basketball_both","EFS hmax",2,false,,1000000,12234805,4061555
"basketball_both","EFS hmax",3,false,,1000000,12424707,4057044
"basketball_both","EFS hmax",4,false,,1000000,12203934,4006658
"basketball_both","EFS hmax",5,false,,1000000,12204571,4043066
"basketball_both","EFS hmax",6,false,,1000000,12208700,3926460
"basketball_both","EFS hmax",7,false,,1000000,12129556,3833555
"basketball_both","EFS hmax",8,false,,1000000,12211284,3910865
"basketball_both","EFS hmax",9,false,,1000000,12203108,3762065
"basketball_both","EFS hmax",10,false,,1000000,12451743,3931345
"basketball_both","EFS rp",1,false,,1000000,3886252,1224972
"basketball_both","EFS rp",2,false,,1000000,3532012,1129381
"basketball_both","EFS rp",3,false,,1000000,3561724,1090057
"basketball_both","EFS rp",4,false,,1000000,5078169,1296880
"basketball_both","EFS rp",5,false,,1000000,3735106,1178670
"basketball_both","EFS rp",6,false,,1000000,5110439,1314416
"basketball_both","EFS rp",7,false,,1000000,5049906,1324868
"basketball_both","EFS rp",8,false,,1000000,3839292,1143069
"basketball_both","EFS rp",9,false,,1000000,3516706,1078330
"basketball_both","EFS rp",10,false,,1000000,3683018,1193210
"basketball_both","GFS h+",1,false,,1000000,1544550,658239
"basketball_both","GFS h+",2,false,,1000000,1461399,601518
"basketball_both","GFS h+",3,false,,1000000,1718473,614088
"basketball_both","GFS h+",4,false,,1000000,1615755,560252
"basketball_both","GFS h+",5,false,,1000000,1588734,636875
"basketball_both","GFS h+",6,false,,1000000,1540045,601681
"basketball_both","GFS h+",7,false,,1000000,1616440,638433
"basketball_both","GFS h+",8,false,,1000000,1460921,749110
"basketball_both","GFS h+",9,false,,1000000,1616365,638684
"basketball_both","GFS h+",10,false,,1000000,1718314,726789
"basketball_both","GFS hmax",1,false,,1000000,11018376,4254363
"basketball_both","GFS hmax",2,false,,1000000,10973094,4311554
"basketball_both","GFS hmax",3,false,,1000000,11116830,4249741
"basketball_both","GFS hmax",4,false,,1000000,11032856,4223902
"basketball_both","GFS hmax",5,false,,1000000,11052412,4265072
"basketball_both","GFS hmax",6,false,,1000000,10969437,4197585
"basketball_both","GFS hmax",7,false,,1000000,11025595,4146542
"basketball_both","GFS hmax",8,false,,1000000,11015140,4206943
"basketball_both","GFS hmax",9,false,,1000000,11030767,4067124
"basketball_both","GFS hmax",10,false,,1000000,11115674,4135078
"basketball_both","GFS rp",1,false,,1000000,1648585,590282
"basketball_both","GFS rp",2,false,,1000000,1616249,580850
"basketball_both","GFS rp",3,false,,1000000,1576521,544503
"basketball_both","GFS rp",4,false,,1000000,1649858,557658
"basketball_both","GFS rp",5,false,,1000000,1729077,543485
"basketball_both","GFS rp",6,false,,1000000,1717653,557449
"basketball_both","GFS rp",7,false,,1000000,1668480,561007
"basketball_both","GFS rp",8,false,,1000000,1705384,559327
"basketball_both","GFS rp",9,false,,1000000,1673485,545985
"basketball_both","GFS rp",10,false,,1000000,1644427,519342
"western","BFS",1,false,,1000000,38027933,12200363
"western","BFS",2,false,,1000000,38028948,12217269
"western","BFS",3,false,,1000000,38029560,12242510
"western","BFS",4,false,,1000000,37999997,12245526
"western","BFS",5,false,,1000000,38045518,12277046
"western","BFS",6,false,,1000000,37999190,12216076
"western","BFS",7,false,,1000000,37996112,12287725
"western","BFS",8,false,,1000000,38026757,12267096
"western","BFS",9,false,,1000000,37996476,12273684
"western","BFS",10,false,,1000000,39351298,10724219
"western","EFS",1,false,,1000000,5771717,2009283
"western","EFS",2,false,,1000000,5767207,1929179
"western","EFS",3,false,,1000000,5771450,1930091
"western","EFS",4,false,,1000000,5766864,1935852
"western","EFS",5,false,,1000000,5780674,1942966
"western","EFS",6,false,,1000000,5768853,1927944
"western","EFS",7,false,,1000000,5782005,1933186
"western","EFS",8,false,,1000000,5766686,1926845
"western","EFS",9,false,,1000000,5779567,1918049
"western","EFS",10,false,,1000000,5785562,1927114
"western","GFS",1,false,,1000000,3298667,558326
"western","GFS",2,false,,1000000,3333861,585320
"western","GFS",3,false,,1000000,2864968,515589
"western","GFS",4,false,,1000000,2826919,508082
"western","GFS",5,false,,1000000,2823864,501250
"western","GFS",6,false,,1000000,3187890,551272
"western","GFS",7,false,,1000000,2823864,514456
"western","GFS",8,false,,1000000,2826663,503924
"western","GFS",9,false,,1000000,3169706,538583
"western","GFS",10,false,,1000000,3518469,585111
"western","A* h+",1,false,,1000000,20435142,13272226
"western","A* h+",2,false,,1000000,20404383,14378865
"western","A* h+",3,false,,1000000,20437109,13426150
"western","A* h+",4,false,,1000000,20479946,13595231
"western","A* h+",5,false,,1000000,20477530,13698674
"western","A* h+",6,false,,1000000,20350285,13484484
"western","A* h+",7,false,,1000000,20405541,13524668
"western","A* h+",8,false,,1000000,20443380,13405814
"western","A* h+",9,false,,1000000,20444998,14195124
"western","A* h+",10,false,,1000000,20626386,13595588
"western","A* hmax",1,false,,1000000,35240068,25770111
"western","A* hmax",2,false,,1000000,35316751,25804926
"western","A* hmax",3,false,,1000000,34884344,26091596
"western","A* hmax",4,false,,1000000,34907583,25653876
"western","A* hmax",5,false,,1000000,34747172,25059906
"western","A* hmax",6,false,,1000000,35262800,27408046
"western","A* hmax",7,false,,1000000,34911148,26337456
"western","A* hmax",8,false,,1000000,34810557,26657342
"western","A* hmax",9,false,,1000000,35083271,27294542
"western","A* hmax",10,false,,1000000,35123732,25560109
"western","A* rp",1,false,,1000000,20133943,13050310
"western","A* rp",2,false,,1000000,20192886,13225379
"western","A* rp",3,false,,1000000,18896314,12935182
"western","A* rp",4,false,,1000000,18993125,13997460
"western","A* rp",5,false,,1000000,19192244,13163906
"western","A* rp",6,false,,1000000,18921499,13929451
"western","A* rp",7,false,,1000000,18994349,12679674
"western","A* rp",8,false,,1000000,18961050,12973448
"western","A* rp",9,false,,1000000,18911101,13134880
"western","A* rp",10,false,,1000000,19276468,12792455
"western","EFS h+",1,false,,1000000,5892505,4706703
"western","EFS h+",2,false,,1000000,5893787,4675778
"western","EFS h+",3,false,,1000000,5883464,4676675
"western","EFS h+",4,false,,1000000,5893160,4797619
"western","EFS h+",5,false,,1000000,5892184,4890517
"western","EFS h+",6,false,,1000000,5876772,4636143
"western","EFS h+",7,false,,1000000,5892819,4998454
"western","EFS h+",8,false,,1000000,5893316,4896108
"western","EFS h+",9,false,,1000000,5893086,4842740
"western","EFS h+",10,false,,1000000,5892109,5001840
"western","EFS hmax",1,false,,1000000,26301152,20081443
"western","EFS hmax",2,false,,1000000,26284021,21216777
"western","EFS hmax",3,false,,1000000,26183627,19575679
"western","EFS hmax",4,false,,1000000,26163198,19488625
"western","EFS hmax",5,false,,1000000,26124876,20377357
"western","EFS hmax",6,false,,1000000,26259956,19821380
"western","EFS hmax",7,false,,1000000,26220302,20100713
"western","EFS hmax",8,false,,1000000,26167648,19863155
"western","EFS hmax",9,false,,1000000,26286447,20890574
"western","EFS hmax",10,false,,1000000,26410764,20192098
"western","EFS rp",1,false,,1000000,5878490,5048135
"western","EFS rp",2,false,,1000000,5870874,5222532
"western","EFS rp",3,false,,1000000,5840352,4828725
"western","EFS rp",4,true,8,723499,4246950,3118545
"western","EFS rp",5,false,,1000000,5887308,4810348
"western","EFS rp",6,false,,1000000,5863234,4954208
"western","EFS rp",7,false,,1000000,5882048,4755898
"western","EFS rp",8,false,,1000000,5819800,4807463
"western","EFS rp",9,false,,1000000,5822663,4631265
"western","EFS rp",10,false,,1000000,5789668,4787761
"western","GFS h+",1,false,,1000000,1896073,1266778
"western","GFS h+",2,false,,1000000,1906306,1263127
"western","GFS h+",3,false,,1000000,1903352,1416778
"western","GFS h+",4,false,,1000000,1906739,1346416
"western","GFS h+",5,false,,1000000,1895763,1274467
"western","GFS h+",6,false,,1000000,1899206,1396650
"western","GFS h+",7,false,,1000000,1896986,1363617
"western","GFS h+",8,false,,1000000,1896167,1351697
"western","GFS h+",9,false,,1000000,1899828,1228114
"western","GFS h+",10,false,,1000000,1905596,1260663
"western","GFS hmax",1,false,,1000000,21395097,14602790
"western","GFS hmax",2,false,,1000000,21400995,14819519
"western","GFS hmax",3,false,,1000000,21078490,14759536
"western","GFS hmax",4,false,,1000000,21077626,14310523
"western","GFS hmax",5,false,,1000000,21152431,14356201
"western","GFS hmax",6,false,,1000000,21392379,14466951
"western","GFS hmax",7,false,,1000000,21162278,14148461
"western","GFS hmax",8,false,,1000000,21079708,14403366
"western","GFS hmax",9,false,,1000000,21364105,14208885
"western","GFS hmax",10,false,,1000000,21558827,15982359
"western","GFS rp",1,false,,1000000,1920404,1506643
"western","GFS rp",2,false,,1000000,1905899,1476389
"western","GFS rp",3,false,,1000000,1891455,1486535
"western","GFS rp",4,false,,1000000,1924277,1495068
"western","GFS rp",5,false,,1000000,1902564,1411310
"western","GFS rp",6,false,,1000000,1905193,1342021
"western","GFS rp",7,false,,1000000,1885838,1309722
"western","GFS rp",8,false,,1000000,1885430,1285879
"western","GFS rp",9,false,,1000000,1923455,1398565
"western","GFS rp",10,false,,1000000,1892974,1300431
"fantasy_any","BFS",1,true,2,4,91,3
"fantasy_any","BFS",2,true,2,4,91,2
"fantasy_any","BFS",3,true,2,4,91,3
"fantasy_any","BFS",4,true,2,4,91,3
"fantasy_any","BFS",5,true,2,4,91,2
"fantasy_any","BFS",6,true,2,4,91,11
"fantasy_any","BFS",7,true,2,4,91,3
"fantasy_any","BFS",8,true,2,4,91,3
"fantasy_any","BFS",9,true,2,4,91,6
"fantasy_any","BFS",10,true,2,4,91,2
"fantasy_any","EFS",1,true,2,182,1378,64
"fantasy_any","EFS",2,true,2,182,1378,57
"fantasy_any","EFS",3,true,2,182,1378,59
"fantasy_any","EFS",4,true,2,182,1378,59
"fantasy_any","EFS",5,true,2,182,1378,61
"fantasy_any","EFS",6,true,2,182,1378,61
"fantasy_any","EFS",7,true,2,182,1378,57
"fantasy_any","EFS",8,true,2,182,1378,57
"fantasy_any","EFS",9,true,2,182,1378,62
"fantasy_any","EFS",10,true,2,182,1378,61
"fantasy_any","GFS",1,true,2,41,589,19
"fantasy_any","GFS",2,true,2,41,589,23
"fantasy_any","GFS",3,true,2,41,589,23
"fantasy_any","GFS",4,true,2,41,589,19
"fantasy_any","GFS",5,true,2,41,589,27
"fantasy_any","GFS",6,true,2,41,589,26
"fantasy_any","GFS",7,true,2,41,589,18
"fantasy_any","GFS",8,true,2,41,589,32
"fantasy_any","GFS",9,true,2,41,589,23
"fantasy_any","GFS",10,true,2,41,589,26
"fantasy_any","A* h+",1,true,3,20,381,51
"fantasy_any","A* h+",2,true,3,20,381,57
"fantasy_any","A* h+",3,true,3,20,381,56
"fantasy_any","A* h+",4,true,3,20,381,55
"fantasy_any","A* h+",5,true,3,20,381,53
"fantasy_any","A* h+",6,true,3,20,381,57
"fantasy_any","A* h+",7,true,3,20,381,39
"fantasy_any","A* h+",8,true,3,20,381,50
"fantasy_any","A* h+",9,true,3,20,381,51
"fantasy_any","A* h+",10,true,3,20,381,54
"fantasy_any","A* hmax",1,true,2,2,55,5
"fantasy_any","A* hmax",2,true,2,2,55,5
"fantasy_any","A* hmax",3,true,2,2,55,8
"fantasy_any","A* hmax",4,true,2,2,55,9
"fantasy_any","A* hmax",5,true,2,2,55,5
"fantasy_any","A* hmax",6,true,2,2,55,5
"fantasy_any","A* hmax",7,true,2,2,55,5
"fantasy_any","A* hmax",8,true,2,2,55,5
"fantasy_any","A* hmax",9,true,2,2,55,7
"fantasy_any","A* hmax",10,true,2,2,55,4
"fantasy_any","A* rp",1,true,2,4,91,9
"fantasy_any","A* rp",2,true,2,4,91,13
"fantasy_any","A* rp",3,true,2,4,91,9
"fantasy_any","A* rp",4,true,2,4,91,13
"fantasy_any","A* rp",5,true,2,4,91,12
"fantasy_any","A* rp",6,true,2,4,91,9
"fantasy_any","A* rp",7,true,2,4,91,9
"fantasy_any","A* rp",8,true,2,4,91,16
"fantasy_any","A* rp",9,true,2,4,91,11
"fantasy_any","A* rp",10,true,2,4,91,17
"fantasy_any","EFS h+",1,true,3,284,1967,216
"fantasy_any","EFS h+",2,true,3,284,1967,232
"fantasy_any","EFS h+",3,true,3,284,1967,241
"fantasy_any","EFS h+",4,true,3,284,1967,214
"fantasy_any","EFS h+",5,true,3,285,1965,225
"fantasy_any","EFS h+",6,true,3,284,1967,227
"fantasy_any","EFS h+",7,true,3,284,1967,225
"fantasy_any","EFS h+",8,true,3,284,1967,224
"fantasy_any","EFS h+",9,true,3,284,1967,231
"fantasy_any","EFS h+",10,true,3,284,1967,221
"fantasy_any","EFS hmax",1,true,2,20,291,32
"fantasy_any","EFS hmax",2,true,2,20,291,38
"fantasy_any","EFS hmax",3,true,2,20,291,35
"fantasy_any","EFS hmax",4,true,2,20,291,32
"fantasy_any","EFS hmax",5,true,2,20,291,32
"fantasy_any","EFS hmax",6,true,2,20,291,33
"fantasy_any","EFS hmax",7,true,2,20,291,34
"fantasy_any","EFS hmax",8,true,2,20,291,36
"fantasy_any","EFS hmax",9,true,2,20,291,28
"fantasy_any","EFS hmax",10,true,2,20,291,34
"fantasy_any","EFS rp",1,true,2,180,1361,149
"fantasy_any","EFS rp",2,true,2,180,1361,170
"fantasy_any","EFS rp",3,true,2,180,1361,159
"fantasy_any","EFS rp",4,true,2,180,1361,165
"fantasy_any","EFS rp",5,true,2,180,1361,173
"fantasy_any","EFS rp",6,true,2,180,1361,154
"fantasy_any","EFS rp",7,true,2,180,1361,145
"fantasy_any","EFS rp",8,true,2,180,1361,147
"fantasy_any","EFS rp",9,true,2,180,1361,158
"fantasy_any","EFS rp",10,true,2,180,1361,157
"fantasy_any","GFS h+",1,true,3,7,115,12
"fantasy_any","GFS h+",2,true,3,7,115,12
"fantasy_any","GFS h+",3,true,3,7,115,12
"fantasy_any","GFS h+",4,true,3,7,115,25
"fantasy_any","GFS h+",5,true,3,7,115,12
"fantasy_any","GFS h+",6,true,3,7,115,14
"fantasy_any","GFS h+",7,true,3,7,115,14
"fantasy_any","GFS h+",8,true,3,7,115,12
"fantasy_any","GFS h+",9,true,3,7,115,20
"fantasy_any","GFS h+",10,true,3,7,115,15
"fantasy_any","GFS hmax",1,true,2,3,43,4
"fantasy_any","GFS hmax",2,true,2,3,43,4
"fantasy_any","GFS hmax",3,true,2,3,43,5
"fantasy_any","GFS hmax",4,true,2,3,43,5
"fantasy_any","GFS hmax",5,true,2,3,43,7
"fantasy_any","GFS hmax",6,true,2,3,43,10
"fantasy_any","GFS hmax",7,true,2,3,43,4
"fantasy_any","GFS hmax",8,true,2,3,43,5
"fantasy_any","GFS hmax",9,true,2,3,43,5
"fantasy_any","GFS hmax",10,true,2,3,43,5
"fantasy_any","GFS rp",1,true,2,5,71,17
"fantasy_any","GFS rp",2,true,2,5,71,12
"fantasy_any","GFS rp",3,true,2,5,71,9
"fantasy_any","GFS rp",4,true,2,5,71,10
"fantasy_any","GFS rp",5,true,2,5,71,9
"fantasy_any","GFS rp",6,true,2,5,71,18
"fantasy_any","GFS rp",7,true,2,5,71,14
"fantasy_any","GFS rp",8,true,2,5,71,14
"fantasy_any","GFS rp",9,true,2,5,71,14
"fantasy_any","GFS rp",10,true,2,5,71,16
"fantasy_two","BFS",1,true,5,7469,116113,7794
"fantasy_two","BFS",2,true,5,7469,116113,7727
"fantasy_two","BFS",3,true,5,7469,116113,7717
"fantasy_two","BFS",4,true,5,7469,116113,7871
"fantasy_two","BFS",5,true,5,7469,116141,7755
"fantasy_two","BFS",6,true,5,7469,116113,7762
"fantasy_two","BFS",7,true,5,7469,116113,7718
"fantasy_two","BFS",8,true,5,7469,116113,7780
"fantasy_two","BFS",9,true,5,7469,116113,7601
"fantasy_two","BFS",10,true,5,7469,116113,7771
"fantasy_two","EFS",1,true,5,31169,227538,17949
"fantasy_two","EFS",2,true,5,31169,227538,18048
"fantasy_two","EFS",3,true,5,31169,227538,17963
"fantasy_two","EFS",4,true,5,31169,227538,18025
"fantasy_two","EFS",5,true,5,31341,228046,18030
"fantasy_two","EFS",6,true,5,31169,227538,18020
"fantasy_two","EFS",7,true,5,31169,227538,18019
"fantasy_two","EFS",8,true,5,31169,227538,17882
"fantasy_two","EFS",9,true,5,31169,227538,18031
"fantasy_two","EFS",10,true,5,31169,227538,17925
"fantasy_two","GFS",1,true,5,73773,1054073,76958
"fantasy_two","GFS",2,true,5,73773,1054073,77196
"fantasy_two","GFS",3,true,5,73773,1054073,76800
"fantasy_two","GFS",4,true,5,73773,1054073,76732
"fantasy_two","GFS",5,true,5,73851,1054033,76439
"fantasy_two","GFS",6,true,5,73773,1054073,76056
"fantasy_two","GFS",7,true,5,73773,1054073,76528
"fantasy_two","GFS",8,true,5,73773,1054073,75854
"fantasy_two","GFS",9,true,5,73773,1054073,75946
"fantasy_two","GFS",10,true,5,73773,1054073,75860
"fantasy_two","A* h+",1,true,6,796,13020,2102
"fantasy_two","A* h+",2,true,6,796,13020,2103
"fantasy_two","A* h+",3,true,6,796,13020,2120
"fantasy_two","A* h+",4,true,6,796,13020,2074
"fantasy_two","A* h+",5,true,6,796,13019,2128
"fantasy_two","A* h+",6,true,6,796,13020,2129
"fantasy_two","A* h+",7,true,6,796,13020,2097
"fantasy_two","A* h+",8,true,6,796,13020,2221
"fantasy_two","A* h+",9,true,6,796,13020,2137
"fantasy_two","A* h+",10,true,6,796,13020,2169
"fantasy_two","A* hmax",1,true,5,1059,16720,2562
"fantasy_two","A* hmax",2,true,5,1059,16720,2719
"fantasy_two","A* hmax",3,true,5,1059,16720,2588
"fantasy_two","A* hmax",4,true,5,1059,16720,2684
"fantasy_two","A* hmax",5,true,5,1059,16720,2575
"fantasy_two","A* hmax",6,true,5,1059,16720,2690
"fantasy_two","A* hmax",7,true,5,1059,16720,2615
"fantasy_two","A* hmax",8,true,5,1059,16720,2696
"fantasy_two","A* hmax",9,true,5,1059,16720,2614
"fantasy_two","A* hmax",10,true,5,1059,16720,2697
"fantasy_two","A* rp",1,true,5,2532,38209,6942
"fantasy_two","A* rp",2,true,5,2522,38377,7257
"fantasy_two","A* rp",3,true,5,2463,37850,6936
"fantasy_two","A* rp",4,true,5,2521,38346,7243
"fantasy_two","A* rp",5,true,5,2534,38620,6995
"fantasy_two","A* rp",6,true,5,2477,37758,7199
"fantasy_two","A* rp",7,true,5,2517,38291,6985
"fantasy_two","A* rp",8,true,5,2483,37842,7199
"fantasy_two","A* rp",9,true,5,2481,37813,6934
"fantasy_two","A* rp",10,true,5,2520,38348,7509
"fantasy_two","EFS h+",1,true,6,4156,29749,4791
"fantasy_two","EFS h+",2,true,6,4156,29749,4972
"fantasy_two","EFS h+",3,true,6,4156,29749,4550
"fantasy_two","EFS h+",4,true,6,4156,29749,4939
"fantasy_two","EFS h+",5,true,6,4156,29744,4953
"fantasy_two","EFS h+",6,true,6,4156,29749,4679
"fantasy_two","EFS h+",7,true,6,4156,29749,4926
"fantasy_two","EFS h+",8,true,6,4156,29749,5012
"fantasy_two","EFS h+",9,true,6,4156,29749,4847
"fantasy_two","EFS h+",10,true,6,4156,29749,4966
"fantasy_two","EFS hmax",1,true,5,1970,28230,4737
"fantasy_two","EFS hmax",2,true,5,1970,28230,4734
"fantasy_two","EFS hmax",3,true,5,1970,28230,4695
"fantasy_two","EFS hmax",4,true,5,1970,28230,4791
"fantasy_two","EFS hmax",5,true,5,1970,28230,4821
"fantasy_two","EFS hmax",6,true,5,1970,28230,4659
"fantasy_two","EFS hmax",7,true,5,1970,28230,4815
"fantasy_two","EFS hmax",8,true,5,1970,28230,4754
"fantasy_two","EFS hmax",9,true,5,1970,28230,4743
"fantasy_two","EFS hmax",10,true,5,1970,28230,4805
"fantasy_two","EFS rp",1,true,5,14184,94185,17289
"fantasy_two","EFS rp",2,true,5,14348,95123,17407
"fantasy_two","EFS rp",3,true,5,14351,95168,17273
"fantasy_two","EFS rp",4,true,5,14352,95178,17619
"fantasy_two","EFS rp",5,true,5,14439,95575,17397
"fantasy_two","EFS rp",6,true,5,14345,95087,17041
"fantasy_two","EFS rp",7,true,5,14347,95109,17247
"fantasy_two","EFS rp",8,true,5,14350,95154,17585
"fantasy_two","EFS rp",9,true,5,14349,95142,17617
"fantasy_two","EFS rp",10,true,5,14347,95111,17466
"fantasy_two","GFS h+",1,true,6,1313,18745,3561
"fantasy_two","GFS h+",2,true,6,1313,18745,3505
"fantasy_two","GFS h+",3,true,6,1313,18745,3497
"fantasy_two","GFS h+",4,true,6,1313,18745,3497
"fantasy_two","GFS h+",5,true,6,1313,18745,3607
"fantasy_two","GFS h+",6,true,6,1313,18745,3496
"fantasy_two","GFS h+",7,true,6,1313,18745,3510
"fantasy_two","GFS h+",8,true,6,1313,18745,3506
"fantasy_two","GFS h+",9,true,6,1313,18745,3591
"fantasy_two","GFS h+",10,true,6,1313,18745,3533
"fantasy_two","GFS hmax",1,true,5,892,13030,2276
"fantasy_two","GFS hmax",2,true,5,892,13030,2326
"fantasy_two","GFS hmax",3,true,5,892,13030,2303
"fantasy_two","GFS hmax",4,true,5,892,13030,2308
"fantasy_two","GFS hmax",5,true,5,892,13030,2329
"fantasy_two","GFS hmax",6,true,5,892,13030,2290
"fantasy_two","GFS hmax",7,true,5,892,13030,2320
"fantasy_two","GFS hmax",8,true,5,892,13030,2319
"fantasy_two","GFS hmax",9,true,5,892,13030,2359
"fantasy_two","GFS hmax",10,true,5,892,13030,2334
"fantasy_two","GFS rp",1,true,5,2132,29174,6287
"fantasy_two","GFS rp",2,true,5,2139,29269,6388
"fantasy_two","GFS rp",3,true,5,2141,29288,6396
"fantasy_two","GFS rp",4,true,5,2143,29324,6314
"fantasy_two","GFS rp",5,true,5,2140,29279,6362
"fantasy_two","GFS rp",6,true,5,2137,29233,6302
"fantasy_two","GFS rp",7,true,5,2139,29269,6296
"fantasy_two","GFS rp",8,true,5,2141,29288,6071
"fantasy_two","GFS rp",9,true,5,2141,29288,5758
"fantasy_two","GFS rp",10,true,5,2139,29269,6087
"fantasy_all","BFS",1,false,,1000000,15014708,2118870
"fantasy_all","BFS",2,false,,1000000,15014708,2131835
"fantasy_all","BFS",3,false,,1000000,15014708,2122925
"fantasy_all","BFS",4,false,,1000000,15014708,2117066
"fantasy_all","BFS",5,false,,1000000,15014999,2126824
"fantasy_all","BFS",6,false,,1000000,15014636,2123010
"fantasy_all","BFS",7,false,,1000000,15014708,2130871
"fantasy_all","BFS",8,false,,1000000,15014708,2124570
"fantasy_all","BFS",9,false,,1000000,15014636,2115053
"fantasy_all","BFS",10,false,,1000000,15014636,2104520
"fantasy_all","EFS",1,false,,1000000,9285312,1367405
"fantasy_all","EFS",2,false,,1000000,9285312,1367775
"fantasy_all","EFS",3,false,,1000000,9285312,1367011
"fantasy_all","EFS",4,false,,1000000,9285312,1366128
"fantasy_all","EFS",5,false,,1000000,9299892,1372870
"fantasy_all","EFS",6,false,,1000000,9287110,1369959
"fantasy_all","EFS",7,false,,1000000,9285312,1374860
"fantasy_all","EFS",8,false,,1000000,9285312,1358513
"fantasy_all","EFS",9,false,,1000000,9287110,1319130
"fantasy_all","EFS",10,false,,1000000,9287110,1316577
"fantasy_all","GFS",1,false,,1000000,14244023,1219815
"fantasy_all","GFS",2,false,,1000000,14244023,1221020
"fantasy_all","GFS",3,false,,1000000,14244023,1219740
"fantasy_all","GFS",4,false,,1000000,14244023,1219644
"fantasy_all","GFS",5,false,,1000000,14240673,1227440
"fantasy_all","GFS",6,false,,1000000,14245938,1227851
"fantasy_all","GFS",7,false,,1000000,14244023,1227619
"fantasy_all","GFS",8,false,,1000000,14244023,1226352
"fantasy_all","GFS",9,false,,1000000,14245938,1238810
"fantasy_all","GFS",10,false,,1000000,14245938,1228947
"fantasy_all","A* h+",1,false,,1000000,15093797,5480778
"fantasy_all","A* h+",2,false,,1000000,15093758,5497018
"fantasy_all","A* h+",3,false,,1000000,15093758,5480004
"fantasy_all","A* h+",4,false,,1000000,15093758,5489163
"fantasy_all","A* h+",5,false,,1000000,15094232,5538930
"fantasy_all","A* h+",6,false,,1000000,15094046,5574917
"fantasy_all","A* h+",7,false,,1000000,15093758,5574882
"fantasy_all","A* h+",8,false,,1000000,15093758,5532909
"fantasy_all","A* h+",9,false,,1000000,15094046,5622849
"fantasy_all","A* h+",10,false,,1000000,15094046,5571769
"fantasy_all","A* hmax",1,false,,1000000,15504283,3698255
"fantasy_all","A* hmax",2,false,,1000000,15504283,3725959
"fantasy_all","A* hmax",3,false,,1000000,15504283,3767659
"fantasy_all","A* hmax",4,false,,1000000,15504283,3726083
"fantasy_all","A* hmax",5,false,,1000000,15504195,3490888
"fantasy_all","A* hmax",6,false,,1000000,15504283,3490320
"fantasy_all","A* hmax",7,false,,1000000,15504283,3488812
"fantasy_all","A* hmax",8,false,,1000000,15504283,3808508
"fantasy_all","A* hmax",9,false,,1000000,15504283,3722861
"fantasy_all","A* hmax",10,false,,1000000,15504283,3531279
"fantasy_all","A* rp",1,false,,1000000,15346552,4801431
"fantasy_all","A* rp",2,false,,1000000,15352587,4912293
"fantasy_all","A* rp",3,false,,1000000,15310885,4932016
"fantasy_all","A* rp",4,false,,1000000,15351388,4870838
"fantasy_all","A* rp",5,false,,1000000,15341048,4847324
"fantasy_all","A* rp",6,false,,1000000,15317210,4840182
"fantasy_all","A* rp",7,false,,1000000,15356048,4752274
"fantasy_all","A* rp",8,false,,1000000,15309696,4943805
"fantasy_all","A* rp",9,false,,1000000,15314732,4976444
"fantasy_all","A* rp",10,false,,1000000,15354253,4783095
"fantasy_all","EFS h+",1,false,,1000000,9927834,4236941
"fantasy_all","EFS h+",2,false,,1000000,9927834,4281959
"fantasy_all","EFS h+",3,false,,1000000,9927834,4251658
"fantasy_all","EFS h+",4,false,,1000000,9927834,4280806
"fantasy_all","EFS h+",5,false,,1000000,9927863,4251927
"fantasy_all","EFS h+",6,false,,1000000,9927010,4245221
"fantasy_all","EFS h+",7,false,,1000000,9927834,4229593
"fantasy_all","EFS h+",8,false,,1000000,9927834,4280707
"fantasy_all","EFS h+",9,false,,1000000,9927010,4270191
"fantasy_all","EFS h+",10,false,,1000000,9927010,4288536
"fantasy_all","EFS hmax",1,true,9,690346,10035292,2655086
"fantasy_all","EFS hmax",2,true,9,690346,10035292,2707894
"fantasy_all","EFS hmax",3,true,9,690346,10035292,2691904
"fantasy_all","EFS hmax",4,true,9,690346,10035292,2674308
"fantasy_all","EFS hmax",5,true,9,690356,10035400,2673877
"fantasy_all","EFS hmax",6,true,9,690353,10035329,2661308
"fantasy_all","EFS hmax",7,true,9,690346,10035292,2724869
"fantasy_all","EFS hmax",8,true,9,690346,10035292,2679193
"fantasy_all","EFS hmax",9,true,9,690353,10035329,2627861
"fantasy_all","EFS hmax",10,true,9,690353,10035329,2685388
"fantasy_all","EFS rp",1,false,,1000000,9744741,3171155
"fantasy_all","EFS rp",2,false,,1000000,9457790,3007346
"fantasy_all","EFS rp",3,false,,1000000,9472591,3043530
"fantasy_all","EFS rp",4,false,,1000000,9469913,3018610
"fantasy_all","EFS rp",5,false,,1000000,9457988,3025290
"fantasy_all","EFS rp",6,false,,1000000,9464530,2926921
"fantasy_all","EFS rp",7,false,,1000000,9460799,2996343
"fantasy_all","EFS rp",8,false,,1000000,9471089,2919909
"fantasy_all","EFS rp",9,false,,1000000,9476046,3019470
"fantasy_all","EFS rp",10,false,,1000000,9464431,2996547
"fantasy_all","GFS h+",1,false,,1000000,14508844,3540017
"fantasy_all","GFS h+",2,false,,1000000,14508846,3553077
"fantasy_all","GFS h+",3,false,,1000000,14508846,3538860
"fantasy_all","GFS h+",4,false,,1000000,14508846,3536134
"fantasy_all","GFS h+",5,false,,1000000,14508306,3603333
"fantasy_all","GFS h+",6,false,,1000000,14509018,3598025
"fantasy_all","GFS h+",7,false,,1000000,14508846,3583803
"fantasy_all","GFS h+",8,false,,1000000,14508846,3585542
"fantasy_all","GFS h+",9,false,,1000000,14509018,3580956
"fantasy_all","GFS h+",10,false,,1000000,14509018,3647291
"fantasy_all","GFS hmax",1,false,,1000000,14965786,3114398
"fantasy_all","GFS hmax",2,false,,1000000,14965786,3137386
"fantasy_all","GFS hmax",3,false,,1000000,14965786,3372025
"fantasy_all","GFS hmax",4,false,,1000000,14965786,3380463
"fantasy_all","GFS hmax",5,false,,1000000,14965796,3363741
"fantasy_all","GFS hmax",6,false,,1000000,14965783,3355370
"fantasy_all","GFS hmax",7,false,,1000000,14965786,3139398
"fantasy_all","GFS hmax",8,false,,1000000,14965786,3154027
"fantasy_all","GFS hmax",9,false,,1000000,14965783,3344712
"fantasy_all","GFS hmax",10,false,,1000000,14965783,3385154
"fantasy_all","GFS rp",1,false,,1000000,14528994,3372815
"fantasy_all","GFS rp",2,false,,1000000,14530261,3433328
"fantasy_all","GFS rp",3,false,,1000000,14490127,3436566
"fantasy_all","GFS rp",4,false,,1000000,14525438,3408658
"fantasy_all","GFS rp",5,false,,1000000,14515663,3485938
"fantasy_all","GFS rp",6,false,,1000000,14495787,3441309
"fantasy_all","GFS rp",7,false,,1000000,14528481,3437067
"fantasy_all","GFS rp",8,false,,1000000,14491177,3373675
"fantasy_all","GFS rp",9,false,,1000000,14494332,3443873
"fantasy_all","GFS rp",10,false,,1000000,14533383,3327112
"space_any","BFS",1,true,2,4,34,1
"space_any","BFS",2,true,2,4,34,0
"space_any","BFS",3,true,2,4,34,1
"space_any","BFS",4,true,2,4,34,1
"space_any","BFS",5,true,2,4,34,0
"space_any","BFS",6,true,2,4,34,1
"space_any","BFS",7,true,2,4,34,1
"space_any","BFS",8,true,2,4,34,0
"space_any","BFS",9,true,2,4,34,0
"space_any","BFS",10,true,2,4,34,1
"space_any","EFS",1,true,2,14,79,1
"space_any","EFS",2,true,2,14,79,1
"space_any","EFS",3,true,2,14,79,1
"space_any","EFS",4,true,2,13,79,1
"space_any","EFS",5,true,2,13,79,2
"space_any","EFS",6,true,2,13,79,9
"space_any","EFS",7,true,2,13,79,1
"space_any","EFS",8,true,2,13,79,1
"space_any","EFS",9,true,2,13,79,1
"space_any","EFS",10,true,2,13,79,2
"space_any","GFS",1,true,2,4,25,0
"space_any","GFS",2,true,2,4,25,0
"space_any","GFS",3,true,2,4,25,0
"space_any","GFS",4,true,2,4,25,0
"space_any","GFS",5,true,2,4,25,0
"space_any","GFS",6,true,2,4,25,1
"space_any","GFS",7,true,2,4,25,1
"space_any","GFS",8,true,2,4,25,1
"space_any","GFS",9,true,2,4,25,0
"space_any","GFS",10,true,2,4,25,1
"space_any","A* h+",1,true,2,2,16,1
"space_any","A* h+",2,true,2,2,16,1
"space_any","A* h+",3,true,2,2,16,1
"space_any","A* h+",4,true,2,2,16,0
"space_any","A* h+",5,true,2,2,16,1
"space_any","A* h+",6,true,2,2,16,0
"space_any","A* h+",7,true,2,2,16,6
"space_any","A* h+",8,true,2,2,16,1
"space_any","A* h+",9,true,2,2,16,1
"space_any","A* h+",10,true,2,2,16,1
"space_any","A* hmax",1,true,2,2,16,1
"space_any","A* hmax",2,true,2,2,16,0
"space_any","A* hmax",3,true,2,2,16,0
"space_any","A* hmax",4,true,2,2,16,0
"space_any","A* hmax",5,true,2,2,16,1
"space_any","A* hmax",6,true,2,2,16,1
"space_any","A* hmax",7,true,2,2,16,1
"space_any","A* hmax",8,true,2,2,16,1
"space_any","A* hmax",9,true,2,2,16,1
"space_any","A* hmax",10,true,2,2,16,1
"space_any","A* rp",1,true,2,26,329,18
"space_any","A* rp",2,true,3,13,82,4
"space_any","A* rp",3,true,2,26,329,24
"space_any","A* rp",4,true,2,26,329,16
"space_any","A* rp",5,true,2,24,299,13
"space_any","A* rp",6,true,3,13,82,4
"space_any","A* rp",7,true,3,13,82,4
"space_any","A* rp",8,true,2,24,299,13
"space_any","A* rp",9,true,2,24,299,13
"space_any","A* rp",10,true,2,26,329,17
"space_any","EFS h+",1,true,2,7,47,2
"space_any","EFS h+",2,true,2,7,47,4
"space_any","EFS h+",3,true,2,7,47,1
"space_any","EFS h+",4,true,2,7,47,1
"space_any","EFS h+",5,true,2,7,47,2
"space_any","EFS h+",6,true,2,7,47,2
"space_any","EFS h+",7,true,2,7,47,2
"space_any","EFS h+",8,true,2,7,47,2
"space_any","EFS h+",9,true,2,7,47,2
"space_any","EFS h+",10,true,2,7,47,2
"space_any","EFS hmax",1,true,2,5,42,2
"space_any","EFS hmax",2,true,2,5,42,1
"space_any","EFS hmax",3,true,2,5,42,2
"space_any","EFS hmax",4,true,2,5,42,1
"space_any","EFS hmax",5,true,2,5,42,1
"space_any","EFS hmax",6,true,2,5,42,1
"space_any","EFS hmax",7,true,2,5,42,1
"space_any","EFS hmax",8,true,2,5,42,2
"space_any","EFS hmax",9,true,2,5,42,8
"space_any","EFS hmax",10,true,2,5,42,2
"space_any","EFS rp",1,true,2,7,47,2
"space_any","EFS rp",2,true,3,13,84,4
"space_any","EFS rp",3,true,2,7,47,2
"space_any","EFS rp",4,true,2,7,47,2
"space_any","EFS rp",5,true,2,7,47,2
"space_any","EFS rp",6,true,3,13,84,8
"space_any","EFS rp",7,true,3,13,84,4
"space_any","EFS rp",8,true,2,7,47,2
"space_any","EFS rp",9,true,2,7,47,4
"space_any","EFS rp",10,true,2,7,47,2
"space_any","GFS h+",1,true,2,2,12,0
"space_any","GFS h+",2,true,2,2,12,1
"space_any","GFS h+",3,true,2,2,12,0
"space_any","GFS h+",4,true,2,2,12,1
"space_any","GFS h+",5,true,2,2,12,1
"space_any","GFS h+",6,true,2,2,12,1
"space_any","GFS h+",7,true,2,2,12,1
"space_any","GFS h+",8,true,2,2,12,1
"space_any","GFS h+",9,true,2,2,12,1
"space_any","GFS h+",10,true,2,2,12,0
"space_any","GFS hmax",1,true,2,2,12,1
"space_any","GFS hmax",2,true,2,2,12,7
"space_any","GFS hmax",3,true,2,2,12,1
"space_any","GFS hmax",4,true,2,2,12,1
"space_any","GFS hmax",5,true,2,2,12,1
"space_any","GFS hmax",6,true,2,2,12,1
"space_any","GFS hmax",7,true,2,2,12,1
"space_any","GFS hmax",8,true,2,2,12,1
"space_any","GFS hmax",9,true,2,2,12,1
"space_any","GFS hmax",10,true,2,2,12,1
"space_any","GFS rp",1,true,2,21,113,6
"space_any","GFS rp",2,true,3,6,54,4
"space_any","GFS rp",3,true,2,21,113,5
"space_any","GFS rp",4,true,2,21,113,5
"space_any","GFS rp",5,true,2,21,113,5
"space_any","GFS rp",6,true,3,6,54,5
"space_any","GFS rp",7,true,3,6,54,3
"space_any","GFS rp",8,true,2,21,113,5
"space_any","GFS rp",9,true,2,21,113,8
"space_any","GFS rp",10,true,2,21,113,5
"space_two","BFS",1,true,3,18,214,4
"space_two","BFS",2,true,3,18,214,5
"space_two","BFS",3,true,3,18,214,10
"space_two","BFS",4,true,3,17,213,4
"space_two","BFS",5,true,3,17,213,4
"space_two","BFS",6,true,3,17,213,6
"space_two","BFS",7,true,3,17,213,5
"space_two","BFS",8,true,3,17,213,4
"space_two","BFS",9,true,3,17,213,6
"space_two","BFS",10,true,3,17,213,5
"space_two","EFS",1,true,3,15,92,2
"space_two","EFS",2,true,3,15,92,2
"space_two","EFS",3,true,3,15,92,2
"space_two","EFS",4,true,3,14,92,2
"space_two","EFS",5,true,3,14,92,2
"space_two","EFS",6,true,3,14,92,2
"space_two","EFS",7,true,3,14,92,2
"space_two","EFS",8,true,3,14,92,2
"space_two","EFS",9,true,3,14,92,2
"space_two","EFS",10,true,3,14,92,2
"space_two","GFS",1,true,3,15,94,12
"space_two","GFS",2,true,3,14,94,2
"space_two","GFS",3,true,3,15,94,1
"space_two","GFS",4,true,3,15,94,2
"space_two","GFS",5,true,3,14,94,2
"space_two","GFS",6,true,3,14,94,2
"space_two","GFS",7,true,3,15,94,2
"space_two","GFS",8,true,3,14,94,2
"space_two","GFS",9,true,3,14,94,2
"space_two","GFS",10,true,3,15,94,1
"space_two","A* h+",1,true,3,27,282,15
"space_two","A* h+",2,true,3,27,282,20
"space_two","A* h+",3,true,3,27,282,14
"space_two","A* h+",4,true,3,27,282,22
"space_two","A* h+",5,true,3,27,282,22
"space_two","A* h+",6,true,3,27,282,16
"space_two","A* h+",7,true,3,27,282,15
"space_two","A* h+",8,true,3,27,282,15
"space_two","A* h+",9,true,3,27,282,19
"space_two","A* h+",10,true,3,27,282,14
"space_two","A* hmax",1,true,3,27,281,18
"space_two","A* hmax",2,true,3,27,281,18
"space_two","A* hmax",3,true,3,27,281,15
"space_two","A* hmax",4,true,3,27,281,16
"space_two","A* hmax",5,true,3,27,281,17
"space_two","A* hmax",6,true,3,27,281,15
"space_two","A* hmax",7,true,3,27,281,20
"space_two","A* hmax",8,true,3,27,281,19
"space_two","A* hmax",9,true,3,27,281,14
"space_two","A* hmax",10,true,3,27,281,19
"space_two","A* rp",1,true,3,30,351,17
"space_two","A* rp",2,true,3,13,82,4
"space_two","A* rp",3,true,3,30,351,19
"space_two","A* rp",4,true,3,30,351,25
"space_two","A* rp",5,true,3,28,321,16
"space_two","A* rp",6,true,3,13,82,4
"space_two","A* rp",7,true,3,13,82,4
"space_two","A* rp",8,true,3,28,321,13
"space_two","A* rp",9,true,3,28,321,15
"space_two","A* rp",10,true,3,30,351,17
"space_two","EFS h+",1,true,3,8,56,2
"space_two","EFS h+",2,true,3,8,56,2
"space_two","EFS h+",3,true,3,8,56,1
"space_two","EFS h+",4,true,3,8,56,2
"space_two","EFS h+",5,true,3,8,56,3
"space_two","EFS h+",6,true,3,8,56,2
"space_two","EFS h+",7,true,3,8,56,2
"space_two","EFS h+",8,true,3,8,56,2
"space_two","EFS h+",9,true,3,8,56,2
"space_two","EFS h+",10,true,3,8,56,1
"space_two","EFS hmax",1,true,3,6,51,1
"space_two","EFS hmax",2,true,3,6,51,12
"space_two","EFS hmax",3,true,3,6,51,2
"space_two","EFS hmax",4,true,3,6,51,2
"space_two","EFS hmax",5,true,3,6,51,2
"space_two","EFS hmax",6,true,3,6,51,2
"space_two","EFS hmax",7,true,3,6,51,2
"space_two","EFS hmax",8,true,3,6,51,2
"space_two","EFS hmax",9,true,3,6,51,2
"space_two","EFS hmax",10,true,3,6,51,1
"space_two","EFS rp",1,true,3,8,56,9
"space_two","EFS rp",2,true,3,13,84,5
"space_two","EFS rp",3,true,3,8,56,2
"space_two","EFS rp",4,true,3,8,56,3
"space_two","EFS rp",5,true,3,8,56,2
"space_two","EFS rp",6,true,3,13,84,5
"space_two","EFS rp",7,true,3,13,84,4
"space_two","EFS rp",8,true,3,8,56,2
"space_two","EFS rp",9,true,3,8,56,7
"space_two","EFS rp",10,true,3,8,56,3
"space_two","GFS h+",1,true,3,7,50,2
"space_two","GFS h+",2,true,3,7,50,1
"space_two","GFS h+",3,true,3,7,50,1
"space_two","GFS h+",4,true,3,7,50,1
"space_two","GFS h+",5,true,3,7,50,2
"space_two","GFS h+",6,true,3,7,50,8
"space_two","GFS h+",7,true,3,7,50,1
"space_two","GFS h+",8,true,3,7,50,2
"space_two","GFS h+",9,true,3,7,50,2
"space_two","GFS h+",10,true,3,7,50,2
"space_two","GFS hmax",1,true,3,7,50,1
"space_two","GFS hmax",2,true,3,7,50,1
"space_two","GFS hmax",3,true,3,7,50,2
"space_two","GFS hmax",4,true,3,7,50,2
"space_two","GFS hmax",5,true,3,7,50,2
"space_two","GFS hmax",6,true,3,7,50,1
"space_two","GFS hmax",7,true,3,7,50,2
"space_two","GFS hmax",8,true,3,7,50,1
"space_two","GFS hmax",9,true,3,7,50,2
"space_two","GFS hmax",10,true,3,7,50,2
"space_two","GFS rp",1,true,3,25,135,14
"space_two","GFS rp",2,true,3,6,54,3
"space_two","GFS rp",3,true,3,25,135,7
"space_two","GFS rp",4,true,3,25,135,6
"space_two","GFS rp",5,true,3,25,135,12
"space_two","GFS rp",6,true,3,6,54,3
"space_two","GFS rp",7,true,3,6,54,3
"space_two","GFS rp",8,true,3,25,135,7
"space_two","GFS rp",9,true,3,25,135,6
"space_two","GFS rp",10,true,3,25,135,7
"space_three","BFS",1,true,3,18,214,7
"space_three","BFS",2,true,3,18,214,4
"space_three","BFS",3,true,3,18,214,5
"space_three","BFS",4,true,3,17,213,7
"space_three","BFS",5,true,3,17,213,5
"space_three","BFS",6,true,3,17,213,4
"space_three","BFS",7,true,3,17,213,5
"space_three","BFS",8,true,3,17,213,8
"space_three","BFS",9,true,3,17,213,5
"space_three","BFS",10,true,3,17,213,5
"space_three","EFS",1,true,3,15,92,6
"space_three","EFS",2,true,3,15,92,2
"space_three","EFS",3,true,3,15,92,2
"space_three","EFS",4,true,3,14,92,2
"space_three","EFS",5,true,3,14,92,2
"space_three","EFS",6,true,3,14,92,2
"space_three","EFS",7,true,3,14,92,2
"space_three","EFS",8,true,3,14,92,14
"space_three","EFS",9,true,3,14,92,2
"space_three","EFS",10,true,3,14,92,2
"space_three","GFS",1,true,3,47,244,5
"space_three","GFS",2,true,3,45,222,5
"space_three","GFS",3,true,3,47,244,5
"space_three","GFS",4,true,3,36,219,18
"space_three","GFS",5,true,3,34,197,5
"space_three","GFS",6,true,3,34,197,4
"space_three","GFS",7,true,3,36,219,7
"space_three","GFS",8,true,3,34,197,4
"space_three","GFS",9,true,3,34,197,4
"space_three","GFS",10,true,3,36,219,4
"space_three","A* h+",1,true,3,27,282,20
"space_three","A* h+",2,true,3,27,282,21
"space_three","A* h+",3,true,3,27,282,21
"space_three","A* h+",4,true,3,27,282,18
"space_three","A* h+",5,true,3,27,282,16
"space_three","A* h+",6,true,3,27,282,18
"space_three","A* h+",7,true,3,27,282,21
"space_three","A* h+",8,true,3,27,282,15
"space_three","A* h+",9,true,3,27,282,19
"space_three","A* h+",10,true,3,27,282,20
"space_three","A* hmax",1,true,3,27,281,16
"space_three","A* hmax",2,true,3,27,281,20
"space_three","A* hmax",3,true,3,27,281,18
"space_three","A* hmax",4,true,3,27,281,17
"space_three","A* hmax",5,true,3,27,281,19
"space_three","A* hmax",6,true,3,27,281,15
"space_three","A* hmax",7,true,3,27,281,20
"space_three","A* hmax",8,true,3,27,281,20
"space_three","A* hmax",9,true,3,27,281,20
"space_three","A* hmax",10,true,3,27,281,18
"space_three","A* rp",1,true,3,112,1765,95
"space_three","A* rp",2,true,3,13,82,5
"space_three","A* rp",3,true,3,112,1765,97
"space_three","A* rp",4,true,3,112,1765,98
"space_three","A* rp",5,true,3,105,1646,86
"space_three","A* rp",6,true,3,13,82,4
"space_three","A* rp",7,true,3,13,82,3
"space_three","A* rp",8,true,3,105,1646,86
"space_three","A* rp",9,true,3,105,1646,94
"space_three","A* rp",10,true,3,112,1765,101
"space_three","EFS h+",1,true,3,21,132,10
"space_three","EFS h+",2,true,3,21,132,5
"space_three","EFS h+",3,true,3,21,132,5
"space_three","EFS h+",4,true,3,21,132,6
"space_three","EFS h+",5,true,3,21,132,15
"space_three","EFS h+",6,true,3,21,132,6
"space_three","EFS h+",7,true,3,21,132,5
"space_three","EFS h+",8,true,3,21,132,6
"space_three","EFS h+",9,true,3,21,132,6
"space_three","EFS h+",10,true,3,21,132,5
"space_three","EFS hmax",1,true,3,14,120,5
"space_three","EFS hmax",2,true,3,14,120,13
"space_three","EFS hmax",3,true,3,14,120,5
"space_three","EFS hmax",4,true,3,14,120,5
"space_three","EFS hmax",5,true,3,14,120,5
"space_three","EFS hmax",6,true,3,14,120,12
"space_three","EFS hmax",7,true,3,14,120,5
"space_three","EFS hmax",8,true,3,14,120,5
"space_three","EFS hmax",9,true,3,14,120,5
"space_three","EFS hmax",10,true,3,14,120,7
"space_three","EFS rp",1,true,3,16,170,13
"space_three","EFS rp",2,true,3,13,84,4
"space_three","EFS rp",3,true,3,16,170,7
"space_three","EFS rp",4,true,3,16,170,7
"space_three","EFS rp",5,true,3,16,170,13
"space_three","EFS rp",6,true,3,13,84,4
"space_three","EFS rp",7,true,3,13,84,4
"space_three","EFS rp",8,true,3,16,170,7
"space_three","EFS rp",9,true,3,16,170,7
"space_three","EFS rp",10,true,3,16,170,9
"space_three","GFS h+",1,true,3,27,135,12
"space_three","GFS h+",2,true,3,27,135,5
"space_three","GFS h+",3,true,3,27,135,5
"space_three","GFS h+",4,true,3,27,135,10
"space_three","GFS h+",5,true,3,27,135,13
"space_three","GFS h+",6,true,3,27,135,5
"space_three","GFS h+",7,true,3,27,135,6
"space_three","GFS h+",8,true,3,27,135,5
"space_three","GFS h+",9,true,3,27,135,7
"space_three","GFS h+",10,true,3,27,135,5
"space_three","GFS hmax",1,true,3,19,132,6
"space_three","GFS hmax",2,true,3,19,132,5
"space_three","GFS hmax",3,true,3,19,132,14
"space_three","GFS hmax",4,true,3,19,132,5
"space_three","GFS hmax",5,true,3,19,132,6
"space_three","GFS hmax",6,true,3,19,132,13
"space_three","GFS hmax",7,true,3,19,132,6
"space_three","GFS hmax",8,true,3,19,132,5
"space_three","GFS hmax",9,true,3,19,132,6
"space_three","GFS hmax",10,true,3,19,132,5
"space_three","GFS rp",1,true,4,90,788,53
"space_three","GFS rp",2,true,3,6,54,3
"space_three","GFS rp",3,true,4,89,764,36
"space_three","GFS rp",4,true,4,89,764,44
"space_three","GFS rp",5,true,4,89,764,47
"space_three","GFS rp",6,true,3,6,54,9
"space_three","GFS rp",7,true,3,6,54,4
"space_three","GFS rp",8,true,4,90,788,45
"space_three","GFS rp",9,true,4,89,764,45
"space_three","GFS rp",10,true,4,89,764,39
"space_four","BFS",1,true,5,131,1756,52
"space_four","BFS",2,true,5,124,1677,53
"space_four","BFS",3,true,5,131,1758,46
"space_four","BFS",4,true,5,120,1606,39
"space_four","BFS",5,true,5,113,1527,40
"space_four","BFS",6,true,5,113,1527,44
"space_four","BFS",7,true,5,120,1608,51
"space_four","BFS",8,true,5,113,1527,42
"space_four","BFS",9,true,5,113,1527,41
"space_four","BFS",10,true,5,120,1606,46
"space_four","EFS",1,true,5,509,3000,84
"space_four","EFS",2,true,5,509,3000,89
"space_four","EFS",3,true,5,509,3000,73
"space_four","EFS",4,true,5,506,2990,83
"space_four","EFS",5,true,5,506,2990,82
"space_four","EFS",6,true,5,506,2990,86
"space_four","EFS",7,true,5,506,2990,82
"space_four","EFS",8,true,5,506,2990,83
"space_four","EFS",9,true,5,506,2990,83
"space_four","EFS",10,true,5,506,2990,83
"space_four","GFS",1,true,5,154,1106,28
"space_four","GFS",2,true,5,139,1041,28
"space_four","GFS",3,true,5,153,1082,29
"space_four","GFS",4,true,5,140,975,27
"space_four","GFS",5,true,5,125,910,24
"space_four","GFS",6,true,5,125,910,28
"space_four","GFS",7,true,5,140,975,34
"space_four","GFS",8,true,5,126,934,33
"space_four","GFS",9,true,5,125,910,25
"space_four","GFS",10,true,5,140,975,26
"space_four","A* h+",1,true,5,51,460,28
"space_four","A* h+",2,true,5,51,460,38
"space_four","A* h+",3,true,5,51,460,42
"space_four","A* h+",4,true,5,49,442,27
"space_four","A* h+",5,true,5,49,442,26
"space_four","A* h+",6,true,5,49,442,28
"space_four","A* h+",7,true,5,49,442,25
"space_four","A* h+",8,true,5,49,442,35
"space_four","A* h+",9,true,5,49,442,27
"space_four","A* h+",10,true,5,49,442,33
"space_four","A* hmax",1,true,5,51,456,32
"space_four","A* hmax",2,true,5,51,456,33
"space_four","A* hmax",3,true,5,51,456,33
"space_four","A* hmax",4,true,5,49,438,32
"space_four","A* hmax",5,true,5,49,438,30
"space_four","A* hmax",6,true,5,49,438,36
"space_four","A* hmax",7,true,5,49,438,36
"space_four","A* hmax",8,true,5,49,438,36
"space_four","A* hmax",9,true,5,49,438,40
"space_four","A* hmax",10,true,5,49,438,30
"space_four","A* rp",1,true,6,3974,33782,2319
"space_four","A* rp",2,true,6,4397,39687,2610
"space_four","A* rp",3,true,6,3974,33782,2310
"space_four","A* rp",4,true,6,3968,33653,2287
"space_four","A* rp",5,true,6,3778,32671,2255
"space_four","A* rp",6,true,6,4173,38347,2604
"space_four","A* rp",7,true,6,4169,38211,2564
"space_four","A* rp",8,true,6,3770,32415,2266
"space_four","A* rp",9,true,6,3774,32551,2243
"space_four","A* rp",10,true,6,3972,33773,2342
"space_four","EFS h+",1,true,5,214,1120,52
"space_four","EFS h+",2,true,5,214,1120,57
"space_four","EFS h+",3,true,5,214,1120,56
"space_four","EFS h+",4,true,5,209,1080,48
"space_four","EFS h+",5,true,5,209,1080,54
"space_four","EFS h+",6,true,5,209,1080,49
"space_four","EFS h+",7,true,5,209,1080,46
"space_four","EFS h+",8,true,5,209,1080,54
"space_four","EFS h+",9,true,5,209,1080,58
"space_four","EFS h+",10,true,5,209,1080,56
"space_four","EFS hmax",1,true,5,100,924,45
"space_four","EFS hmax",2,true,5,100,924,45
"space_four","EFS hmax",3,true,5,100,924,42
"space_four","EFS hmax",4,true,5,95,884,52
"space_four","EFS hmax",5,true,5,95,884,44
"space_four","EFS hmax",6,true,5,95,884,43
"space_four","EFS hmax",7,true,5,95,884,52
"space_four","EFS hmax",8,true,5,95,884,48
"space_four","EFS hmax",9,true,5,95,884,44
"space_four","EFS hmax",10,true,5,95,884,52
"space_four","EFS rp",1,true,6,1026,5736,340
"space_four","EFS rp",2,true,6,1026,5738,347
"space_four","EFS rp",3,true,6,1026,5736,335
"space_four","EFS rp",4,true,6,1024,5727,325
"space_four","EFS rp",5,true,6,1024,5727,315
"space_four","EFS rp",6,true,6,1024,5729,319
"space_four","EFS rp",7,true,6,1024,5729,328
"space_four","EFS rp",8,true,6,1024,5727,325
"space_four","EFS rp",9,true,6,1024,5727,318
"space_four","EFS rp",10,true,6,1024,5727,320
"space_four","GFS h+",1,true,5,54,322,24
"space_four","GFS h+",2,true,5,54,322,24
"space_four","GFS h+",3,true,5,54,322,18
"space_four","GFS h+",4,true,5,52,304,20
"space_four","GFS h+",5,true,5,52,304,16
"space_four","GFS h+",6,true,5,52,304,17
"space_four","GFS h+",7,true,5,52,304,21
"space_four","GFS h+",8,true,5,52,304,22
"space_four","GFS h+",9,true,5,52,304,22
"space_four","GFS h+",10,true,5,52,304,23
"space_four","GFS hmax",1,true,5,44,318,24
"space_four","GFS hmax",2,true,5,44,318,17
"space_four","GFS hmax",3,true,5,44,318,27
"space_four","GFS hmax",4,true,5,42,300,24
"space_four","GFS hmax",5,true,5,42,300,16
"space_four","GFS hmax",6,true,5,42,300,16
"space_four","GFS hmax",7,true,5,42,300,20
"space_four","GFS hmax",8,true,5,42,300,16
"space_four","GFS hmax",9,true,5,42,300,18
"space_four","GFS hmax",10,true,5,42,300,17
"space_four","GFS rp",1,true,6,1338,10758,804
"space_four","GFS rp",2,true,6,1368,10466,793
"space_four","GFS rp",3,true,6,1275,10461,732
"space_four","GFS rp",4,true,6,1317,10567,778
"space_four","GFS rp",5,true,6,1273,10451,765
"space_four","GFS rp",6,true,6,1383,10618,801
"space_four","GFS rp",7,true,6,1379,10558,809
"space_four","GFS rp",8,true,6,1308,10341,763
"space_four","GFS rp",9,true,6,1137,9674,1071
"space_four","GFS rp",10,true,6,1209,10133,738
"space_all","BFS",1,true,6,890,13262,422
"space_all","BFS",2,true,6,890,13262,425
"space_all","BFS",3,true,6,858,12764,396
"space_all","BFS",4,true,6,857,12764,397
"space_all","BFS",5,true,6,857,12764,405
"space_all","BFS",6,true,6,857,12764,394
"space_all","BFS",7,true,6,857,12764,412
"space_all","BFS",8,true,6,889,13262,431
"space_all","BFS",9,true,6,857,12764,387
"space_all","BFS",10,true,6,857,12764,400
"space_all","EFS",1,true,6,1383,8067,287
"space_all","EFS",2,true,6,1383,8067,287
"space_all","EFS",3,true,6,1377,7863,275
"space_all","EFS",4,true,6,1374,7853,269
"space_all","EFS",5,true,6,1374,7853,257
"space_all","EFS",6,true,6,1374,7853,274
"space_all","EFS",7,true,6,1374,7853,268
"space_all","EFS",8,true,6,1380,8057,274
"space_all","EFS",9,true,6,1374,7853,272
"space_all","EFS",10,true,6,1374,7853,263
"space_all","GFS",1,true,6,1234,9112,299
"space_all","GFS",2,true,6,1228,9091,302
"space_all","GFS",3,true,6,1141,8553,279
"space_all","GFS",4,true,6,1138,8543,282
"space_all","GFS",5,true,6,1132,8522,283
"space_all","GFS",6,true,6,1132,8522,279
"space_all","GFS",7,true,6,1138,8543,261
"space_all","GFS",8,true,6,1225,9081,307
"space_all","GFS",9,true,6,1132,8522,287
"space_all","GFS",10,true,6,1138,8543,275
"space_all","A* h+",1,true,6,936,9501,555
"space_all","A* h+",2,true,6,936,9501,539
"space_all","A* h+",3,true,6,936,9501,553
"space_all","A* h+",4,true,6,934,9491,551
"space_all","A* h+",5,true,6,934,9491,539
"space_all","A* h+",6,true,6,934,9491,560
"space_all","A* h+",7,true,6,934,9491,551
"space_all","A* h+",8,true,6,934,9491,549
"space_all","A* h+",9,true,6,934,9491,540
"space_all","A* h+",10,true,6,934,9491,551
"space_all","A* hmax",1,true,6,918,9300,558
"space_all","A* hmax",2,true,6,918,9300,554
"space_all","A* hmax",3,true,6,918,9300,540
"space_all","A* hmax",4,true,6,916,9290,537
"space_all","A* hmax",5,true,6,916,9290,558
"space_all","A* hmax",6,true,6,916,9290,537
"space_all","A* hmax",7,true,6,916,9290,547
"space_all","A* hmax",8,true,6,916,9290,558
"space_all","A* hmax",9,true,6,916,9290,527
"space_all","A* hmax",10,true,6,916,9290,553
"space_all","A* rp",1,true,6,3974,33782,2355
"space_all","A* rp",2,true,6,4397,39687,2677
"space_all","A* rp",3,true,6,3974,33782,2357
"space_all","A* rp",4,true,6,3968,33653,2341
"space_all","A* rp",5,true,6,3778,32671,2257
"space_all","A* rp",6,true,6,4173,38347,2561
"space_all","A* rp",7,true,6,4169,38211,2559
"space_all","A* rp",8,true,6,3770,32415,2267
"space_all","A* rp",9,true,6,3774,32551,2272
"space_all","A* rp",10,true,6,3972,33773,2326
"space_all","EFS h+",1,true,6,1154,6464,354
"space_all","EFS h+",2,true,6,1154,6464,359
"space_all","EFS h+",3,true,6,1154,6464,357
"space_all","EFS h+",4,true,6,1152,6454,361
"space_all","EFS h+",5,true,6,1152,6454,359
"space_all","EFS h+",6,true,6,1152,6454,361
"space_all","EFS h+",7,true,6,1152,6454,350
"space_all","EFS h+",8,true,6,1152,6454,371
"space_all","EFS h+",9,true,6,1152,6454,351
"space_all","EFS h+",10,true,6,1152,6454,353
"space_all","EFS hmax",1,true,6,763,5687,332
"space_all","EFS hmax",2,true,6,763,5687,324
"space_all","EFS hmax",3,true,6,763,5687,323
"space_all","EFS hmax",4,true,6,761,5677,331
"space_all","EFS hmax",5,true,6,761,5677,326
"space_all","EFS hmax",6,true,6,761,5677,314
"space_all","EFS hmax",7,true,6,761,5677,304
"space_all","EFS hmax",8,true,6,761,5677,324
"space_all","EFS hmax",9,true,6,761,5677,316
"space_all","EFS hmax",10,true,6,761,5677,329
"space_all","EFS rp",1,true,6,1026,5736,319
"space_all","EFS rp",2,true,6,1026,5738,330
"space_all","EFS rp",3,true,6,1026,5736,323
"space_all","EFS rp",4,true,6,1024,5727,322
"space_all","EFS rp",5,true,6,1024,5727,323
"space_all","EFS rp",6,true,6,1024,5729,328
"space_all","EFS rp",7,true,6,1024,5729,322
"space_all","EFS rp",8,true,6,1024,5727,321
"space_all","EFS rp",9,true,6,1024,5727,315
"space_all","EFS rp",10,true,6,1024,5727,310
"space_all","GFS h+",1,true,6,1388,8001,440
"space_all","GFS h+",2,true,6,1388,8001,444
"space_all","GFS h+",3,true,6,1388,8001,441
"space_all","GFS h+",4,true,6,1384,7979,433
"space_all","GFS h+",5,true,6,1384,7979,447
"space_all","GFS h+",6,true,6,1384,7979,444
"space_all","GFS h+",7,true,6,1384,7979,460
"space_all","GFS h+",8,true,6,1384,7979,435
"space_all","GFS h+",9,true,6,1384,7979,435
"space_all","GFS h+",10,true,6,1384,7979,448
"space_all","GFS hmax",1,true,6,1052,7901,439
"space_all","GFS hmax",2,true,6,1052,7901,447
"space_all","GFS hmax",3,true,6,1052,7901,431
"space_all","GFS hmax",4,true,6,1048,7879,446
"space_all","GFS hmax",5,true,6,1048,7879,448
"space_all","GFS hmax",6,true,6,1048,7879,422
"space_all","GFS hmax",7,true,6,1048,7879,436
"space_all","GFS hmax",8,true,6,1048,7879,437
"space_all","GFS hmax",9,true,6,1048,7879,443
"space_all","GFS hmax",10,true,6,1048,7879,440
"space_all","GFS rp",1,true,6,1338,10758,795
"space_all","GFS rp",2,true,6,1368,10466,791
"space_all","GFS rp",3,true,6,1275,10461,748
"space_all","GFS rp",4,true,6,1317,10567,786
"space_all","GFS rp",5,true,6,1273,10451,770
"space_all","GFS rp",6,true,6,1383,10618,804
"space_all","GFS rp",7,true,6,1379,10558,785
"space_all","GFS rp",8,true,6,1308,10341,768
"space_all","GFS rp",9,true,6,1137,9674,708
"space_all","GFS rp",10,true,6,1209,10133,751
"raiders","BFS",1,true,6,716,5367,147
"raiders","BFS",2,true,6,996,8688,245
"raiders","BFS",3,true,6,692,5107,135
"raiders","BFS",4,true,6,692,5107,140
"raiders","BFS",5,true,6,722,5432,147
"raiders","BFS",6,true,6,828,6665,189
"raiders","BFS",7,true,6,716,5367,140
"raiders","BFS",8,true,6,990,8599,247
"raiders","BFS",9,true,6,722,5432,141
"raiders","BFS",10,true,6,828,6665,193
"raiders","EFS",1,true,6,320,2315,81
"raiders","EFS",2,true,6,320,2315,79
"raiders","EFS",3,true,6,322,2341,81
"raiders","EFS",4,true,6,320,2315,78
"raiders","EFS",5,true,6,320,2315,79
"raiders","EFS",6,true,6,320,2315,79
"raiders","EFS",7,true,6,320,2315,79
"raiders","EFS",8,true,6,322,2341,83
"raiders","EFS",9,true,6,320,2315,79
"raiders","EFS",10,true,6,320,2315,81
"raiders","GFS",1,true,6,1315,6228,169
"raiders","GFS",2,true,6,2097,11048,312
"raiders","GFS",3,true,6,1106,6274,173
"raiders","GFS",4,true,6,993,5632,159
"raiders","GFS",5,true,6,1322,6257,179
"raiders","GFS",6,true,6,1349,7813,223
"raiders","GFS",7,true,6,1316,6221,176
"raiders","GFS",8,true,6,2092,11002,313
"raiders","GFS",9,true,6,1322,6257,186
"raiders","GFS",10,true,6,1236,7171,205
"raiders","A* h+",1,true,6,396,3532,192
"raiders","A* h+",2,true,6,393,3553,196
"raiders","A* h+",3,true,6,406,3635,196
"raiders","A* h+",4,true,6,396,3530,192
"raiders","A* h+",5,true,6,406,3656,199
"raiders","A* h+",6,true,6,398,3594,194
"raiders","A* h+",7,true,6,396,3530,208
"raiders","A* h+",8,true,6,391,3468,184
"raiders","A* h+",9,true,6,406,3658,198
"raiders","A* h+",10,true,6,388,3489,193
"raiders","A* hmax",1,true,6,186,1991,106
"raiders","A* hmax",2,true,6,192,2040,119
"raiders","A* hmax",3,true,6,184,1984,106
"raiders","A* hmax",4,true,6,180,1956,105
"raiders","A* hmax",5,true,6,189,2010,102
"raiders","A* hmax",6,true,6,184,1984,105
"raiders","A* hmax",7,true,6,186,1991,109
"raiders","A* hmax",8,true,6,189,2019,111
"raiders","A* hmax",9,true,6,189,2010,108
"raiders","A* hmax",10,true,6,180,1956,105
"raiders","A* rp",1,true,6,444,3350,195
"raiders","A* rp",2,true,6,679,6068,396
"raiders","A* rp",3,true,6,452,3413,196
"raiders","A* rp",4,true,6,409,3117,195
"raiders","A* rp",5,true,6,597,5016,336
"raiders","A* rp",6,true,6,458,3497,208
"raiders","A* rp",7,true,6,423,3229,194
"raiders","A* rp",8,true,6,457,3642,222
"raiders","A* rp",9,true,6,430,3314,199
"raiders","A* rp",10,true,6,576,4843,294
"raiders","EFS h+",1,true,6,88,675,43
"raiders","EFS h+",2,true,6,88,675,32
"raiders","EFS h+",3,true,6,88,675,34
"raiders","EFS h+",4,true,6,88,675,42
"raiders","EFS h+",5,true,6,88,675,42
"raiders","EFS h+",6,true,6,88,675,44
"raiders","EFS h+",7,true,6,88,675,31
"raiders","EFS h+",8,true,6,88,675,32
"raiders","EFS h+",9,true,6,88,675,31
"raiders","EFS h+",10,true,6,88,675,41
"raiders","EFS hmax",1,true,6,48,455,22
"raiders","EFS hmax",2,true,6,48,455,20
"raiders","EFS hmax",3,true,6,48,455,24
"raiders","EFS hmax",4,true,6,48,455,25
"raiders","EFS hmax",5,true,6,48,455,20
"raiders","EFS hmax",6,true,6,48,455,34
"raiders","EFS hmax",7,true,6,48,455,34
"raiders","EFS hmax",8,true,6,48,455,19
"raiders","EFS hmax",9,true,6,48,455,23
"raiders","EFS hmax",10,true,6,48,455,20
"raiders","EFS rp",1,true,6,90,675,34
"raiders","EFS rp",2,true,6,112,919,55
"raiders","EFS rp",3,true,6,90,675,62
"raiders","EFS rp",4,true,6,90,675,32
"raiders","EFS rp",5,true,6,112,919,51
"raiders","EFS rp",6,true,6,90,675,41
"raiders","EFS rp",7,true,6,90,675,40
"raiders","EFS rp",8,true,6,90,675,31
"raiders","EFS rp",9,true,6,90,675,46
"raiders","EFS rp",10,true,6,112,919,57
"raiders","GFS h+",1,true,6,4124,9128,626
"raiders","GFS h+",2,true,6,4449,9709,644
"raiders","GFS h+",3,true,6,4127,9128,627
"raiders","GFS h+",4,true,6,4239,9330,625
"raiders","GFS h+",5,true,6,4495,9943,683
"raiders","GFS h+",6,true,6,4556,9832,675
"raiders","GFS h+",7,true,6,4126,9104,627
"raiders","GFS h+",8,true,6,4571,9898,679
"raiders","GFS h+",9,true,6,4495,9961,680
"raiders","GFS h+",10,true,6,4554,9818,672
"raiders","GFS hmax",1,true,6,1039,5607,383
"raiders","GFS hmax",2,true,6,1201,6517,447
"raiders","GFS hmax",3,true,6,984,5317,367
"raiders","GFS hmax",4,true,6,972,5249,353
"raiders","GFS hmax",5,true,6,1021,5602,361
"raiders","GFS hmax",6,true,6,984,5331,372
"raiders","GFS hmax",7,true,6,1039,5583,384
"raiders","GFS hmax",8,true,6,1224,6493,428
"raiders","GFS hmax",9,true,6,1021,5623,369
"raiders","GFS hmax",10,true,6,972,5263,359
"raiders","GFS rp",1,true,6,2147,5517,396
"raiders","GFS rp",2,true,6,1998,5341,377
"raiders","GFS rp",3,true,6,1841,4759,351
"raiders","GFS rp",4,true,6,1839,4743,346
"raiders","GFS rp",5,true,6,766,2768,179
"raiders","GFS rp",6,true,6,1883,5002,355
"raiders","GFS rp",7,true,6,2103,5272,395
"raiders","GFS rp",8,true,6,1856,4840,354
"raiders","GFS rp",9,true,6,2071,5311,377
"raiders","GFS rp",10,true,6,539,2449,164
"treasure","BFS",1,true,4,50,137,0
"treasure","BFS",2,true,4,50,137,0
"treasure","BFS",3,true,4,50,137,0
"treasure","BFS",4,true,4,50,137,6
"treasure","BFS",5,true,4,50,137,1
"treasure","BFS",6,true,4,50,137,0
"treasure","BFS",7,true,4,50,137,0
"treasure","BFS",8,true,4,50,137,0
"treasure","BFS",9,true,4,50,137,1
"treasure","BFS",10,true,4,50,137,1
"treasure","EFS",1,true,4,74,169,1
"treasure","EFS",2,true,4,74,169,1
"treasure","EFS",3,true,4,74,169,1
"treasure","EFS",4,true,4,74,169,1
"treasure","EFS",5,true,4,74,169,1
"treasure","EFS",6,true,4,74,169,1
"treasure","EFS",7,true,4,74,169,1
"treasure","EFS",8,true,4,74,169,1
"treasure","EFS",9,true,4,74,169,1
"treasure","EFS",10,true,4,74,169,1
"treasure","GFS",1,true,4,44,102,0
"treasure","GFS",2,true,4,44,100,1
"treasure","GFS",3,true,4,44,102,1
"treasure","GFS",4,true,4,44,100,0
"treasure","GFS",5,true,4,44,102,1
"treasure","GFS",6,true,4,44,102,1
"treasure","GFS",7,true,4,44,100,0
"treasure","GFS",8,true,4,44,102,0
"treasure","GFS",9,true,4,44,102,1
"treasure","GFS",10,true,4,44,100,0
"treasure","A* h+",1,true,4,58,97,1
"treasure","A* h+",2,true,4,58,97,1
"treasure","A* h+",3,true,4,58,97,1
"treasure","A* h+",4,true,4,58,97,1
"treasure","A* h+",5,true,4,58,97,1
"treasure","A* h+",6,true,4,58,97,1
"treasure","A* h+",7,true,4,58,97,1
"treasure","A* h+",8,true,4,58,97,1
"treasure","A* h+",9,true,4,58,97,1
"treasure","A* h+",10,true,4,58,97,1
"treasure","A* hmax",1,true,4,35,80,1
"treasure","A* hmax",2,true,4,35,80,0
"treasure","A* hmax",3,true,4,35,80,1
"treasure","A* hmax",4,true,4,35,80,1
"treasure","A* hmax",5,true,4,35,80,0
"treasure","A* hmax",6,true,4,35,80,1
"treasure","A* hmax",7,true,4,35,80,1
"treasure","A* hmax",8,true,4,35,80,1
"treasure","A* hmax",9,true,4,35,80,1
"treasure","A* hmax",10,true,4,35,80,1
"treasure","A* rp",1,true,4,47,97,1
"treasure","A* rp",2,true,4,47,97,1
"treasure","A* rp",3,true,4,47,97,1
"treasure","A* rp",4,true,4,47,97,1
"treasure","A* rp",5,true,4,47,97,1
"treasure","A* rp",6,true,4,47,97,4
"treasure","A* rp",7,true,4,47,97,1
"treasure","A* rp",8,true,4,47,97,1
"treasure","A* rp",9,true,4,47,97,1
"treasure","A* rp",10,true,4,47,97,1
"treasure","EFS h+",1,true,4,60,133,1
"treasure","EFS h+",2,true,4,60,133,1
"treasure","EFS h+",3,true,4,60,133,1
"treasure","EFS h+",4,true,4,60,133,2
"treasure","EFS h+",5,true,4,60,133,1
"treasure","EFS h+",6,true,4,60,133,1
"treasure","EFS h+",7,true,4,60,133,1
"treasure","EFS h+",8,true,4,60,133,1
"treasure","EFS h+",9,true,4,60,133,0
"treasure","EFS h+",10,true,4,60,133,1
"treasure","EFS hmax",1,true,4,22,78,1
"treasure","EFS hmax",2,true,4,22,78,1
"treasure","EFS hmax",3,true,4,22,78,0
"treasure","EFS hmax",4,true,4,22,78,0
"treasure","EFS hmax",5,true,4,22,78,0
"treasure","EFS hmax",6,true,4,22,78,1
"treasure","EFS hmax",7,true,4,22,78,0
"treasure","EFS hmax",8,true,4,22,78,1
"treasure","EFS hmax",9,true,4,22,78,1
"treasure","EFS hmax",10,true,4,22,78,1
"treasure","EFS rp",1,true,4,61,133,2
"treasure","EFS rp",2,true,4,61,133,1
"treasure","EFS rp",3,true,4,61,133,1
"treasure","EFS rp",4,true,4,61,133,2
"treasure","EFS rp",5,true,4,61,133,2
"treasure","EFS rp",6,true,4,61,133,1
"treasure","EFS rp",7,true,4,61,133,15
"treasure","EFS rp",8,true,4,61,133,2
"treasure","EFS rp",9,true,4,61,133,1
"treasure","EFS rp",10,true,4,61,133,1
"treasure","GFS h+",1,true,4,29,81,1
"treasure","GFS h+",2,true,4,29,81,0
"treasure","GFS h+",3,true,4,29,81,0
"treasure","GFS h+",4,true,4,29,81,1
"treasure","GFS h+",5,true,4,29,81,0
"treasure","GFS h+",6,true,4,29,81,1
"treasure","GFS h+",7,true,4,29,81,0
"treasure","GFS h+",8,true,4,29,81,1
"treasure","GFS h+",9,true,4,29,81,0
"treasure","GFS h+",10,true,4,29,81,1
"treasure","GFS hmax",1,true,4,24,77,1
"treasure","GFS hmax",2,true,4,24,77,1
"treasure","GFS hmax",3,true,4,24,77,1
"treasure","GFS hmax",4,true,4,24,77,1
"treasure","GFS hmax",5,true,4,24,77,0
"treasure","GFS hmax",6,true,4,24,77,0
"treasure","GFS hmax",7,true,4,24,77,0
"treasure","GFS hmax",8,true,4,24,77,1
"treasure","GFS hmax",9,true,4,24,77,1
"treasure","GFS hmax",10,true,4,24,77,1
"treasure","GFS rp",1,true,4,31,87,1
"treasure","GFS rp",2,true,4,31,87,1
"treasure","GFS rp",3,true,4,31,87,1
"treasure","GFS rp",4,true,4,31,87,1
"treasure","GFS rp",5,true,4,31,87,1
"treasure","GFS rp",6,true,4,31,87,1
"treasure","GFS rp",7,true,4,31,87,1
"treasure","GFS rp",8,true,4,31,87,1
"treasure","GFS rp",9,true,4,31,87,1
"treasure","GFS rp",10,true,4,31,87,1
"gramma_any","BFS",1,true,3,2168,33653,2660
"gramma_any","BFS",2,true,3,2167,33642,2654
"gramma_any","BFS",3,true,3,2166,33633,2689
"gramma_any","BFS",4,true,3,2166,33633,2673
"gramma_any","BFS",5,true,3,2167,33642,2660
"gramma_any","BFS",6,true,3,2168,33653,2643
"gramma_any","BFS",7,true,3,2167,33644,2656
"gramma_any","BFS",8,true,3,2167,33644,2663
"gramma_any","BFS",9,true,3,2167,33642,2680
"gramma_any","BFS",10,true,3,2167,33642,2646
"gramma_any","EFS",1,true,3,45723,175355,24213
"gramma_any","EFS",2,true,3,45731,174597,24060
"gramma_any","EFS",3,true,3,45955,175651,24378
"gramma_any","EFS",4,true,3,45872,175886,24482
"gramma_any","EFS",5,true,3,45869,175726,24208
"gramma_any","EFS",6,true,3,45723,175355,24090
"gramma_any","EFS",7,true,3,45864,175306,24208
"gramma_any","EFS",8,true,3,45979,175695,24322
"gramma_any","EFS",9,true,3,45682,174453,23871
"gramma_any","EFS",10,true,3,45694,174535,23973
"gramma_any","GFS",1,true,3,64376,106634,12392
"gramma_any","GFS",2,true,3,64376,106634,12670
"gramma_any","GFS",3,true,3,64376,106634,14877
"gramma_any","GFS",4,true,3,64376,106634,10362
"gramma_any","GFS",5,true,3,64376,106634,9881
"gramma_any","GFS",6,true,3,64376,106634,9861
"gramma_any","GFS",7,true,3,64376,106634,9872
"gramma_any","GFS",8,true,3,64376,106634,14959
"gramma_any","GFS",9,true,3,64376,106634,9901
"gramma_any","GFS",10,true,3,64376,106634,9942
"gramma_any","A* h+",1,true,3,3453,52816,37290
"gramma_any","A* h+",2,true,3,3454,52803,26349
"gramma_any","A* h+",3,true,3,3454,52803,27650
"gramma_any","A* h+",4,true,3,3451,52803,34498
"gramma_any","A* h+",5,true,3,3451,52803,34972
"gramma_any","A* h+",6,true,3,3453,52816,32961
"gramma_any","A* h+",7,true,3,3451,52816,29567
"gramma_any","A* h+",8,true,3,3454,52816,23409
"gramma_any","A* h+",9,true,3,3450,52803,35270
"gramma_any","A* h+",10,true,3,3451,52803,34837
"gramma_any","A* hmax",1,true,3,3409,50090,31406
"gramma_any","A* hmax",2,true,3,3410,50120,33479
"gramma_any","A* hmax",3,true,3,3410,50120,33368
"gramma_any","A* hmax",4,true,3,3407,50079,33490
"gramma_any","A* hmax",5,true,3,3407,50079,31839
"gramma_any","A* hmax",6,true,3,3409,50090,33789
"gramma_any","A* hmax",7,true,3,3407,50091,36002
"gramma_any","A* hmax",8,true,3,3410,50132,34861
"gramma_any","A* hmax",9,true,3,3406,50037,34795
"gramma_any","A* hmax",10,true,3,3407,50079,32739
"gramma_any","A* rp",1,true,5,3104,48580,31760
"gramma_any","A* rp",2,true,5,2957,45569,29636
"gramma_any","A* rp",3,true,5,3372,51182,29752
"gramma_any","A* rp",4,true,5,3292,49859,27903
"gramma_any","A* rp",5,true,5,3317,50161,40995
"gramma_any","A* rp",6,true,5,3272,49761,39524
"gramma_any","A* rp",7,true,5,3292,49859,40930
"gramma_any","A* rp",8,true,5,3373,51106,40493
"gramma_any","A* rp",9,true,5,2970,45617,37166
"gramma_any","A* rp",10,true,5,2972,45767,36573
"gramma_any","EFS h+",1,true,3,8672,47811,42439
"gramma_any","EFS h+",2,true,3,8645,47684,42915
"gramma_any","EFS h+",3,true,3,8643,47684,43034
"gramma_any","EFS h+",4,true,3,8662,47749,43854
"gramma_any","EFS h+",5,true,3,8659,47749,43214
"gramma_any","EFS h+",6,true,3,8672,47811,43736
"gramma_any","EFS h+",7,true,3,8662,47749,43700
"gramma_any","EFS h+",8,true,3,8643,47684,42554
"gramma_any","EFS h+",9,true,3,8630,47622,42471
"gramma_any","EFS h+",10,true,3,8630,47622,42850
"gramma_any","EFS hmax",1,true,3,1828,25882,22161
"gramma_any","EFS hmax",2,true,3,1618,22730,19604
"gramma_any","EFS hmax",3,true,3,1828,25917,22881
"gramma_any","EFS hmax",4,true,3,1845,26140,23014
"gramma_any","EFS hmax",5,true,3,1842,26140,23012
"gramma_any","EFS hmax",6,true,3,1832,25921,22630
"gramma_any","EFS hmax",7,true,3,1842,26077,23248
"gramma_any","EFS hmax",8,true,3,1831,25943,23169
"gramma_any","EFS hmax",9,true,3,1798,25643,22522
"gramma_any","EFS hmax",10,true,3,1803,25688,22535
"gramma_any","EFS rp",1,true,3,8700,47467,34885
"gramma_any","EFS rp",2,true,3,8388,46444,33689
"gramma_any","EFS rp",3,true,3,8232,45652,32955
"gramma_any","EFS rp",4,true,3,8413,46518,33309
"gramma_any","EFS rp",5,true,3,8273,45923,26473
"gramma_any","EFS rp",6,true,3,8229,45688,27764
"gramma_any","EFS rp",7,true,3,8395,46413,45263
"gramma_any","EFS rp",8,true,3,8284,45923,46498
"gramma_any","EFS rp",9,true,3,8440,46420,45080
"gramma_any","EFS rp",10,true,3,8439,46686,44616
"gramma_any","GFS h+",1,true,3,23966,43486,32127
"gramma_any","GFS h+",2,true,3,23965,43474,32261
"gramma_any","GFS h+",3,true,3,23965,43474,32954
"gramma_any","GFS h+",4,true,3,23965,43474,32442
"gramma_any","GFS h+",5,true,3,23965,43474,32512
"gramma_any","GFS h+",6,true,3,23967,43489,32954
"gramma_any","GFS h+",7,true,3,23967,43489,32980
"gramma_any","GFS h+",8,true,3,23966,43486,32799
"gramma_any","GFS h+",9,true,3,23965,43474,32628
"gramma_any","GFS h+",10,true,3,23965,43474,32587
"gramma_any","GFS hmax",1,true,3,2863,24233,18274
"gramma_any","GFS hmax",2,true,3,2862,24212,18626
"gramma_any","GFS hmax",3,true,3,2862,24212,18889
"gramma_any","GFS hmax",4,true,3,2862,24212,18951
"gramma_any","GFS hmax",5,true,3,2862,24212,19079
"gramma_any","GFS hmax",6,true,3,2864,24246,18803
"gramma_any","GFS hmax",7,true,3,2864,24246,18819
"gramma_any","GFS hmax",8,true,3,2863,24233,18592
"gramma_any","GFS hmax",9,true,3,2862,24212,18497
"gramma_any","GFS hmax",10,true,3,2862,24212,17875
"gramma_any","GFS rp",1,true,3,3490,6517,3896
"gramma_any","GFS rp",2,true,3,3477,6488,3942
"gramma_any","GFS rp",3,true,3,3477,6488,3963
"gramma_any","GFS rp",4,true,3,3477,6488,3903
"gramma_any","GFS rp",5,true,3,3489,6505,3899
"gramma_any","GFS rp",6,true,3,3479,6522,3452
"gramma_any","GFS rp",7,true,3,3479,6522,3549
"gramma_any","GFS rp",8,true,3,3490,6517,3393
"gramma_any","GFS rp",9,true,3,3477,6488,3167
"gramma_any","GFS rp",10,true,3,3489,6505,2737
"gramma_win","BFS",1,true,5,11370,189956,20751
"gramma_win","BFS",2,true,5,11260,188694,20376
"gramma_win","BFS",3,true,5,11578,193547,20751
"gramma_win","BFS",4,true,5,11559,193026,21192
"gramma_win","BFS",5,true,5,11559,193026,21087
"gramma_win","BFS",6,true,5,11436,191285,20713
"gramma_win","BFS",7,true,5,11433,191243,20644
"gramma_win","BFS",8,true,5,11579,193547,21171
"gramma_win","BFS",9,true,5,11259,188694,19913
"gramma_win","BFS",10,true,5,11259,188694,19779
"gramma_win","EFS",1,true,5,402991,1597256,277923
"gramma_win","EFS",2,true,5,480538,1895854,347308
"gramma_win","EFS",3,true,5,485200,1916248,349381
"gramma_win","EFS",4,true,5,403842,1602206,280844
"gramma_win","EFS",5,true,5,403643,1603651,279498
"gramma_win","EFS",6,true,5,399815,1585883,277783
"gramma_win","EFS",7,true,5,400418,1586646,278122
"gramma_win","EFS",8,true,5,485092,1914218,349439
"gramma_win","EFS",9,true,5,480827,1898357,352059
"gramma_win","EFS",10,true,5,480389,1896756,354617
"gramma_win","GFS",1,false,,1000000,1601822,240055
"gramma_win","GFS",2,false,,1000000,1598417,242322
"gramma_win","GFS",3,false,,1000000,1610804,242144
"gramma_win","GFS",4,false,,1000000,1610795,240338
"gramma_win","GFS",5,false,,1000000,1611960,242507
"gramma_win","GFS",6,false,,1000000,1610091,241535
"gramma_win","GFS",7,false,,1000000,1607195,241280
"gramma_win","GFS",8,false,,1000000,1611826,245754
"gramma_win","GFS",9,false,,1000000,1597650,251422
"gramma_win","GFS",10,false,,1000000,1597394,253826
"gramma_win","A* h+",1,true,5,35020,487462,216476
"gramma_win","A* h+",2,true,5,35017,487431,219630
"gramma_win","A* h+",3,true,5,35017,487428,235627
"gramma_win","A* h+",4,true,5,35019,487716,379632
"gramma_win","A* h+",5,true,5,35033,487906,383338
"gramma_win","A* h+",6,true,5,35014,487400,392439
"gramma_win","A* h+",7,true,5,35005,487431,399551
"gramma_win","A* h+",8,true,5,35017,487430,403395
"gramma_win","A* h+",9,true,5,35024,487782,413575
"gramma_win","A* h+",10,true,5,35013,487545,409079
"gramma_win","A* hmax",1,true,5,18472,282592,232854
"gramma_win","A* hmax",2,true,5,18296,280659,237547
"gramma_win","A* hmax",3,true,5,18910,288962,245742
"gramma_win","A* hmax",4,true,5,18861,288013,239836
"gramma_win","A* hmax",5,true,5,18861,288013,237960
"gramma_win","A* hmax",6,true,5,18640,285149,238328
"gramma_win","A* hmax",7,true,5,18638,285149,241091
"gramma_win","A* hmax",8,true,5,18910,288971,241684
"gramma_win","A* hmax",9,true,5,18292,280659,234718
"gramma_win","A* hmax",10,true,5,18293,280659,237625
"gramma_win","A* rp",1,true,5,3104,48580,40436
"gramma_win","A* rp",2,true,5,2957,45569,38481
"gramma_win","A* rp",3,true,5,3372,51182,43098
"gramma_win","A* rp",4,true,5,3292,49859,42177
"gramma_win","A* rp",5,true,5,3317,50161,41415
"gramma_win","A* rp",6,true,5,3272,49761,41491
"gramma_win","A* rp",7,true,5,3292,49859,41470
"gramma_win","A* rp",8,true,5,3373,51106,43245
"gramma_win","A* rp",9,true,5,2970,45617,38253
"gramma_win","A* rp",10,true,5,2972,45767,38547
"gramma_win","EFS h+",1,true,5,129038,599306,649433
"gramma_win","EFS h+",2,true,5,152835,710084,730111
"gramma_win","EFS h+",3,true,5,155167,719699,739231
"gramma_win","EFS h+",4,true,5,129245,600094,653510
"gramma_win","EFS h+",5,true,5,128970,599016,642883
"gramma_win","EFS h+",6,true,5,127178,592441,643431
"gramma_win","EFS h+",7,true,5,127145,592087,640038
"gramma_win","EFS h+",8,true,5,154886,717993,722405
"gramma_win","EFS h+",9,true,5,153093,711699,707346
"gramma_win","EFS h+",10,true,5,152770,709842,699856
"gramma_win","EFS hmax",1,true,5,22015,295284,297394
"gramma_win","EFS hmax",2,true,5,24218,320266,318705
"gramma_win","EFS hmax",3,true,5,27118,364465,382302
"gramma_win","EFS hmax",4,true,5,22172,297096,303830
"gramma_win","EFS hmax",5,true,5,22095,296641,305882
"gramma_win","EFS hmax",6,true,5,21905,292880,294117
"gramma_win","EFS hmax",7,true,5,21940,293498,297037
"gramma_win","EFS hmax",8,true,5,26995,363229,375463
"gramma_win","EFS hmax",9,true,5,26818,360308,366530
"gramma_win","EFS hmax",10,true,5,26754,359650,368500
"gramma_win","EFS rp",1,true,5,115100,533816,525574
"gramma_win","EFS rp",2,true,5,139040,646657,575042
"gramma_win","EFS rp",3,true,5,138626,645785,570004
"gramma_win","EFS rp",4,true,5,111959,522473,483628
"gramma_win","EFS rp",5,true,5,112039,523388,471035
"gramma_win","EFS rp",6,true,5,112247,523524,475794
"gramma_win","EFS rp",7,true,5,113183,527610,504204
"gramma_win","EFS rp",8,true,5,140098,652622,528643
"gramma_win","EFS rp",9,true,5,140421,651454,535890
"gramma_win","EFS rp",10,true,5,139539,649524,550761
"gramma_win","GFS h+",1,false,,1000000,1734897,1037134
"gramma_win","GFS h+",2,false,,1000000,1734909,1061019
"gramma_win","GFS h+",3,false,,1000000,1734857,967703
"gramma_win","GFS h+",4,false,,1000000,1734888,1067231
"gramma_win","GFS h+",5,false,,1000000,1734811,1591938
"gramma_win","GFS h+",6,false,,1000000,1734888,1582381
"gramma_win","GFS h+",7,false,,1000000,1734843,1581152
"gramma_win","GFS h+",8,false,,1000000,1734893,1574139
"gramma_win","GFS h+",9,false,,1000000,1734836,1552054
"gramma_win","GFS h+",10,false,,1000000,1734836,1564784
"gramma_win","GFS hmax",1,true,5,491360,3970747,3509138
"gramma_win","GFS hmax",2,true,5,490997,3967123,3500242
"gramma_win","GFS hmax",3,true,5,494483,4002704,3545651
"gramma_win","GFS hmax",4,true,5,494313,4001124,3526429
"gramma_win","GFS hmax",5,true,5,494667,4003276,3317404
"gramma_win","GFS hmax",6,true,5,494420,3999914,3363375
"gramma_win","GFS hmax",7,true,5,494360,3999648,3303777
"gramma_win","GFS hmax",8,true,5,494833,4005329,3345092
"gramma_win","GFS hmax",9,true,5,490933,3966776,3252236
"gramma_win","GFS hmax",10,true,5,490575,3964173,3264467
"gramma_win","GFS rp",1,true,5,411797,730928,656267
"gramma_win","GFS rp",2,true,5,411816,732003,655355
"gramma_win","GFS rp",3,true,5,448513,799627,676232
"gramma_win","GFS rp",4,true,5,448513,799420,665808
"gramma_win","GFS rp",5,true,5,448534,798805,521320
"gramma_win","GFS rp",6,true,5,448607,799553,537104
"gramma_win","GFS rp",7,true,5,448593,799525,507795
"gramma_win","GFS rp",8,true,5,448555,799755,498905
"gramma_win","GFS rp",9,true,5,411826,731990,448210
"gramma_win","GFS rp",10,true,5,411884,732049,451262
"jailbreak_lose","BFS",1,true,4,636,12516,179
"jailbreak_lose","BFS",2,true,4,644,12678,206
"jailbreak_lose","BFS",3,true,4,636,12516,199
"jailbreak_lose","BFS",4,true,4,644,12678,201
"jailbreak_lose","BFS",5,true,4,644,12678,204
"jailbreak_lose","BFS",6,true,4,644,12678,193
"jailbreak_lose","BFS",7,true,4,636,12516,208
"jailbreak_lose","BFS",8,true,4,636,12516,195
"jailbreak_lose","BFS",9,true,4,644,12678,203
"jailbreak_lose","BFS",10,true,4,644,12678,202
"jailbreak_lose","EFS",1,true,4,669431,1719823,35102
"jailbreak_lose","EFS",2,true,4,735512,1882155,38269
"jailbreak_lose","EFS",3,true,4,668233,1705941,34616
"jailbreak_lose","EFS",4,true,4,735529,1882163,38353
"jailbreak_lose","EFS",5,true,4,736755,1896811,38640
"jailbreak_lose","EFS",6,true,4,734386,1868622,37999
"jailbreak_lose","EFS",7,true,4,668759,1711822,34407
"jailbreak_lose","EFS",8,true,4,667647,1699058,34669
"jailbreak_lose","EFS",9,true,4,734836,1874322,37478
"jailbreak_lose","EFS",10,true,4,735505,1882171,37530
"jailbreak_lose","GFS",1,false,,1000000,1274587,27290
"jailbreak_lose","GFS",2,false,,1000000,1304115,28593
"jailbreak_lose","GFS",3,false,,1000000,1250407,26468
"jailbreak_lose","GFS",4,false,,1000000,1273910,27159
"jailbreak_lose","GFS",5,false,,1000000,1274587,27230
"jailbreak_lose","GFS",6,false,,1000000,1217711,27767
"jailbreak_lose","GFS",7,false,,1000000,1274587,27281
"jailbreak_lose","GFS",8,false,,1000000,1217711,27252
"jailbreak_lose","GFS",9,false,,1000000,1217711,27379
"jailbreak_lose","GFS",10,false,,1000000,1250407,27003
"jailbreak_lose","A* h+",1,true,4,472,10226,624
"jailbreak_lose","A* h+",2,true,4,472,10226,631
"jailbreak_lose","A* h+",3,true,4,472,10226,630
"jailbreak_lose","A* h+",4,true,4,472,10226,641
"jailbreak_lose","A* h+",5,true,4,472,10226,637
"jailbreak_lose","A* h+",6,true,4,472,10226,652
"jailbreak_lose","A* h+",7,true,4,472,10226,639
"jailbreak_lose","A* h+",8,true,4,472,10226,635
"jailbreak_lose","A* h+",9,true,4,472,10226,644
"jailbreak_lose","A* h+",10,true,4,472,10226,653
"jailbreak_lose","A* hmax",1,true,4,482,10486,671
"jailbreak_lose","A* hmax",2,true,4,482,10486,673
"jailbreak_lose","A* hmax",3,true,4,482,10486,686
"jailbreak_lose","A* hmax",4,true,4,482,10486,681
"jailbreak_lose","A* hmax",5,true,4,482,10486,679
"jailbreak_lose","A* hmax",6,true,4,482,10486,685
"jailbreak_lose","A* hmax",7,true,4,482,10486,691
"jailbreak_lose","A* hmax",8,true,4,482,10486,668
"jailbreak_lose","A* hmax",9,true,4,482,10486,674
"jailbreak_lose","A* hmax",10,true,4,482,10486,685
"jailbreak_lose","A* rp",1,true,4,1042,11776,1313
"jailbreak_lose","A* rp",2,true,4,1042,11776,1338
"jailbreak_lose","A* rp",3,true,4,1042,11776,1343
"jailbreak_lose","A* rp",4,true,4,1042,11776,1332
"jailbreak_lose","A* rp",5,true,4,1042,11776,1367
"jailbreak_lose","A* rp",6,true,4,1042,11776,1304
"jailbreak_lose","A* rp",7,true,4,1042,11776,1325
"jailbreak_lose","A* rp",8,true,4,1042,11776,1322
"jailbreak_lose","A* rp",9,true,4,1042,11776,1345
"jailbreak_lose","A* rp",10,true,4,1043,11803,1335
"jailbreak_lose","EFS h+",1,true,4,79592,173701,14849
"jailbreak_lose","EFS h+",2,true,4,79592,173701,15662
"jailbreak_lose","EFS h+",3,true,4,79592,173701,15381
"jailbreak_lose","EFS h+",4,true,4,79592,173701,15771
"jailbreak_lose","EFS h+",5,true,4,79592,173701,15425
"jailbreak_lose","EFS h+",6,true,4,79592,173701,15275
"jailbreak_lose","EFS h+",7,true,4,79592,173701,15396
"jailbreak_lose","EFS h+",8,true,4,79592,173701,15511
"jailbreak_lose","EFS h+",9,true,4,79592,173701,15397
"jailbreak_lose","EFS h+",10,true,4,79592,173701,15560
"jailbreak_lose","EFS hmax",1,true,4,2741,30514,2540
"jailbreak_lose","EFS hmax",2,true,4,2741,30514,2612
"jailbreak_lose","EFS hmax",3,true,4,2741,30514,2634
"jailbreak_lose","EFS hmax",4,true,4,2741,30514,2597
"jailbreak_lose","EFS hmax",5,true,4,2741,30514,2617
"jailbreak_lose","EFS hmax",6,true,4,2741,30514,2579
"jailbreak_lose","EFS hmax",7,true,4,2741,30514,2583
"jailbreak_lose","EFS hmax",8,true,4,2741,30514,2567
"jailbreak_lose","EFS hmax",9,true,4,2741,30514,2594
"jailbreak_lose","EFS hmax",10,true,4,2741,30514,2596
"jailbreak_lose","EFS rp",1,true,4,79602,173814,19446
"jailbreak_lose","EFS rp",2,true,4,79597,173759,20006
"jailbreak_lose","EFS rp",3,true,4,79602,173814,19991
"jailbreak_lose","EFS rp",4,true,4,79644,174186,20535
"jailbreak_lose","EFS rp",5,true,4,79607,173870,19586
"jailbreak_lose","EFS rp",6,true,4,79605,173847,19651
"jailbreak_lose","EFS rp",7,true,4,79609,173858,19479
"jailbreak_lose","EFS rp",8,true,4,79619,173954,19449
"jailbreak_lose","EFS rp",9,true,4,79605,173847,20362
"jailbreak_lose","EFS rp",10,true,4,96513,212101,25624
"jailbreak_lose","GFS h+",1,true,4,465371,550734,49481
"jailbreak_lose","GFS h+",2,true,4,465371,550734,50391
"jailbreak_lose","GFS h+",3,true,4,465371,550734,49872
"jailbreak_lose","GFS h+",4,true,4,465371,550734,50420
"jailbreak_lose","GFS h+",5,true,4,465371,550734,49712
"jailbreak_lose","GFS h+",6,true,4,465371,550734,49341
"jailbreak_lose","GFS h+",7,true,4,465371,550734,49226
"jailbreak_lose","GFS h+",8,true,4,465371,550734,48756
"jailbreak_lose","GFS h+",9,true,4,465371,550734,48474
"jailbreak_lose","GFS h+",10,true,4,465371,550734,47932
"jailbreak_lose","GFS hmax",1,true,4,5737,61295,5176
"jailbreak_lose","GFS hmax",2,true,4,5737,61295,5451
"jailbreak_lose","GFS hmax",3,true,4,5737,61295,5200
"jailbreak_lose","GFS hmax",4,true,4,5737,61295,5383
"jailbreak_lose","GFS hmax",5,true,4,5737,61295,5368
"jailbreak_lose","GFS hmax",6,true,4,5737,61295,5354
"jailbreak_lose","GFS hmax",7,true,4,5737,61295,5364
"jailbreak_lose","GFS hmax",8,true,4,5737,61295,5393
"jailbreak_lose","GFS hmax",9,true,4,5737,61295,5368
"jailbreak_lose","GFS hmax",10,true,4,5737,61295,5406
"jailbreak_lose","GFS rp",1,true,4,427,5118,417
"jailbreak_lose","GFS rp",2,true,4,427,5118,425
"jailbreak_lose","GFS rp",3,true,4,427,5118,409
"jailbreak_lose","GFS rp",4,true,4,427,5118,414
"jailbreak_lose","GFS rp",5,true,4,427,5118,428
"jailbreak_lose","GFS rp",6,true,4,427,5118,417
"jailbreak_lose","GFS rp",7,true,4,427,5118,419
"jailbreak_lose","GFS rp",8,true,4,427,5118,425
"jailbreak_lose","GFS rp",9,true,4,427,5118,422
"jailbreak_lose","GFS rp",10,true,4,428,5132,413
"jailbreak_escape","BFS",1,true,6,905896,12747107,261423
"jailbreak_escape","BFS",2,true,6,905715,12743052,302656
"jailbreak_escape","BFS",3,true,6,940004,13421090,322125
"jailbreak_escape","BFS",4,true,6,905728,12743318,278244
"jailbreak_escape","BFS",5,true,6,905881,12746827,249319
"jailbreak_escape","BFS",6,true,6,924419,13105607,315284
"jailbreak_escape","BFS",7,true,6,905894,12747093,248120
"jailbreak_escape","BFS",8,true,6,924421,13105629,315273
"jailbreak_escape","BFS",9,true,6,924406,13105319,253844
"jailbreak_escape","BFS",10,true,6,940003,13421056,327382
"jailbreak_escape","EFS",1,false,,1000000,2654652,41394
"jailbreak_escape","EFS",2,false,,1000000,2630404,41211
"jailbreak_escape","EFS",3,false,,1000000,2631665,61552
"jailbreak_escape","EFS",4,false,,1000000,2630306,41106
"jailbreak_escape","EFS",5,false,,1000000,2653075,41427
"jailbreak_escape","EFS",6,false,,1000000,2628098,40961
"jailbreak_escape","EFS",7,false,,1000000,2639850,41190
"jailbreak_escape","EFS",8,false,,1000000,2629903,61809
"jailbreak_escape","EFS",9,false,,1000000,2630038,41018
"jailbreak_escape","EFS",10,false,,1000000,2631667,62232
"jailbreak_escape","GFS",1,false,,1000000,1274587,21207
"jailbreak_escape","GFS",2,false,,1000000,1304115,32258
"jailbreak_escape","GFS",3,false,,1000000,1250407,30718
"jailbreak_escape","GFS",4,false,,1000000,1273910,31729
"jailbreak_escape","GFS",5,false,,1000000,1274587,21066
"jailbreak_escape","GFS",6,false,,1000000,1217711,21028
"jailbreak_escape","GFS",7,false,,1000000,1274587,21181
"jailbreak_escape","GFS",8,false,,1000000,1217711,21462
"jailbreak_escape","GFS",9,false,,1000000,1217711,21597
"jailbreak_escape","GFS",10,false,,1000000,1250407,31740
"jailbreak_escape","A* h+",1,true,6,199071,3231432,255647
"jailbreak_escape","A* h+",2,true,6,199071,3231432,263803
"jailbreak_escape","A* h+",3,true,6,199535,3236446,260589
"jailbreak_escape","A* h+",4,true,6,199071,3231432,225842
"jailbreak_escape","A* h+",5,true,6,199071,3231432,226539
"jailbreak_escape","A* h+",6,true,6,199339,3234159,257634
"jailbreak_escape","A* h+",7,true,6,199071,3231432,226258
"jailbreak_escape","A* h+",8,true,6,199339,3234159,227664
"jailbreak_escape","A* h+",9,true,6,199339,3234159,252867
"jailbreak_escape","A* h+",10,true,6,199535,3236446,253776
"jailbreak_escape","A* hmax",1,true,6,200673,2313148,178586
"jailbreak_escape","A* hmax",2,true,6,200673,2313148,179815
"jailbreak_escape","A* hmax",3,true,6,201137,2316466,180516
"jailbreak_escape","A* hmax",4,true,6,200673,2313148,182348
"jailbreak_escape","A* hmax",5,true,6,200673,2313148,178675
"jailbreak_escape","A* hmax",6,true,6,200941,2315004,180438
"jailbreak_escape","A* hmax",7,true,6,200673,2313148,181632
"jailbreak_escape","A* hmax",8,true,6,200941,2315004,180329
"jailbreak_escape","A* hmax",9,true,6,200941,2315004,179978
"jailbreak_escape","A* hmax",10,true,6,201137,2316466,180097
"jailbreak_escape","A* rp",1,true,7,166928,2386723,228246
"jailbreak_escape","A* rp",2,true,7,151377,2165349,222663
"jailbreak_escape","A* rp",3,true,7,152227,2173896,209536
"jailbreak_escape","A* rp",4,true,7,152290,2175547,220172
"jailbreak_escape","A* rp",5,true,7,151661,2168984,234879
"jailbreak_escape","A* rp",6,true,7,167041,2387824,253333
"jailbreak_escape","A* rp",7,true,7,151368,2165257,209338
"jailbreak_escape","A* rp",8,true,7,152299,2175644,229564
"jailbreak_escape","A* rp",9,true,7,152389,2175970,227370
"jailbreak_escape","A* rp",10,true,7,152255,2180547,228054
"jailbreak_escape","EFS h+",1,false,,1000000,2118898,190688
"jailbreak_escape","EFS h+",2,false,,1000000,2118829,195693
"jailbreak_escape","EFS h+",3,false,,1000000,2118630,200078
"jailbreak_escape","EFS h+",4,false,,1000000,2119032,195455
"jailbreak_escape","EFS h+",5,false,,1000000,2118821,199881
"jailbreak_escape","EFS h+",6,false,,1000000,2118776,193316
"jailbreak_escape","EFS h+",7,false,,1000000,2118954,195737
"jailbreak_escape","EFS h+",8,false,,1000000,2118910,198226
"jailbreak_escape","EFS h+",9,false,,1000000,2118910,198591
"jailbreak_escape","EFS h+",10,false,,1000000,2118630,200193
"jailbreak_escape","EFS hmax",1,true,6,104407,1090684,96882
"jailbreak_escape","EFS hmax",2,true,6,102994,1075846,97758
"jailbreak_escape","EFS hmax",3,true,6,102127,1068851,96271
"jailbreak_escape","EFS hmax",4,true,6,101811,1064586,96742
"jailbreak_escape","EFS hmax",5,true,6,104603,1092766,99120
"jailbreak_escape","EFS hmax",6,true,6,102381,1068847,96333
"jailbreak_escape","EFS hmax",7,true,6,103666,1082645,97203
"jailbreak_escape","EFS hmax",8,true,6,101474,1061071,93873
"jailbreak_escape","EFS hmax",9,true,6,101473,1061060,94340
"jailbreak_escape","EFS hmax",10,true,6,103261,1079271,95732
"jailbreak_escape","EFS rp",1,false,,1000000,2128340,253294
"jailbreak_escape","EFS rp",2,false,,1000000,2112250,255752
"jailbreak_escape","EFS rp",3,false,,1000000,2120400,256325
"jailbreak_escape","EFS rp",4,false,,1000000,2155522,267788
"jailbreak_escape","EFS rp",5,false,,1000000,2131002,266154
"jailbreak_escape","EFS rp",6,false,,1000000,2136704,262251
"jailbreak_escape","EFS rp",7,false,,1000000,2122879,244264
"jailbreak_escape","EFS rp",8,false,,1000000,2131844,243790
"jailbreak_escape","EFS rp",9,false,,1000000,2128515,244346
"jailbreak_escape","EFS rp",10,false,,1000000,2142663,259440
"jailbreak_escape","GFS h+",1,false,,1000000,1276611,118360
"jailbreak_escape","GFS h+",2,false,,1000000,1275983,121946
"jailbreak_escape","GFS h+",3,false,,1000000,1250138,115591
"jailbreak_escape","GFS h+",4,false,,1000000,1275983,117969
"jailbreak_escape","GFS h+",5,false,,1000000,1276611,116191
"jailbreak_escape","GFS h+",6,false,,1000000,1250260,111826
"jailbreak_escape","GFS h+",7,false,,1000000,1276611,112197
"jailbreak_escape","GFS h+",8,false,,1000000,1250248,114695
"jailbreak_escape","GFS h+",9,false,,1000000,1250248,114882
"jailbreak_escape","GFS h+",10,false,,1000000,1250138,114972
"jailbreak_escape","GFS hmax",1,false,,1000000,10479513,971291
"jailbreak_escape","GFS hmax",2,false,,1000000,10476195,979177
"jailbreak_escape","GFS hmax",3,false,,1000000,10470585,985456
"jailbreak_escape","GFS hmax",4,false,,1000000,10486062,985749
"jailbreak_escape","GFS hmax",5,false,,1000000,10479541,973935
"jailbreak_escape","GFS hmax",6,false,,1000000,10485908,984014
"jailbreak_escape","GFS hmax",7,false,,1000000,10486097,988707
"jailbreak_escape","GFS hmax",8,false,,1000000,10486155,974498
"jailbreak_escape","GFS hmax",9,false,,1000000,10486148,979484
"jailbreak_escape","GFS hmax",10,false,,1000000,10470568,992472
"jailbreak_escape","GFS rp",1,false,,1000000,1253032,143041
"jailbreak_escape","GFS rp",2,false,,1000000,1238497,141858
"jailbreak_escape","GFS rp",3,false,,1000000,1253002,142203
"jailbreak_escape","GFS rp",4,false,,1000000,1238428,145717
"jailbreak_escape","GFS rp",5,false,,1000000,1253213,144682
"jailbreak_escape","GFS rp",6,false,,1000000,1252956,145047
"jailbreak_escape","GFS rp",7,false,,1000000,1230612,141054
"jailbreak_escape","GFS rp",8,false,,1000000,1245271,142099
"jailbreak_escape","GFS rp",9,false,,1000000,1253196,141015
"jailbreak_escape","GFS rp",10,false,,1000000,1230666,138733
"jailbreak_revenge","BFS",1,false,,1000000,14615930,319116
"jailbreak_revenge","BFS",2,false,,1000000,14598110,318595
"jailbreak_revenge","BFS",3,false,,1000000,14598080,318506
"jailbreak_revenge","BFS",4,false,,1000000,14598890,320822
"jailbreak_revenge","BFS",5,false,,1000000,14615922,319645
"jailbreak_revenge","BFS",6,false,,1000000,14599302,322192
"jailbreak_revenge","BFS",7,false,,1000000,14598861,323400
"jailbreak_revenge","BFS",8,false,,1000000,14598890,320785
"jailbreak_revenge","BFS",9,false,,1000000,14598890,321711
"jailbreak_revenge","BFS",10,false,,1000000,14598113,321108
"jailbreak_revenge","EFS",1,false,,1000000,2654652,56884
"jailbreak_revenge","EFS",2,false,,1000000,2630404,56187
"jailbreak_revenge","EFS",3,false,,1000000,2631665,56347
"jailbreak_revenge","EFS",4,false,,1000000,2630306,51344
"jailbreak_revenge","EFS",5,false,,1000000,2653075,51741
"jailbreak_revenge","EFS",6,false,,1000000,2628098,51774
"jailbreak_revenge","EFS",7,false,,1000000,2639850,52036
"jailbreak_revenge","EFS",8,false,,1000000,2629903,51808
"jailbreak_revenge","EFS",9,false,,1000000,2630038,51366
"jailbreak_revenge","EFS",10,false,,1000000,2631667,51278
"jailbreak_revenge","GFS",1,false,,1000000,1274587,26733
"jailbreak_revenge","GFS",2,false,,1000000,1304115,27157
"jailbreak_revenge","GFS",3,false,,1000000,1250407,25730
"jailbreak_revenge","GFS",4,false,,1000000,1273910,26544
"jailbreak_revenge","GFS",5,false,,1000000,1274587,26607
"jailbreak_revenge","GFS",6,false,,1000000,1217711,26762
"jailbreak_revenge","GFS",7,false,,1000000,1274587,26615
"jailbreak_revenge","GFS",8,false,,1000000,1217711,26682
"jailbreak_revenge","GFS",9,false,,1000000,1217711,26616
"jailbreak_revenge","GFS",10,false,,1000000,1250407,25923
"jailbreak_revenge","A* h+",1,false,,1000000,8422355,700929
"jailbreak_revenge","A* h+",2,false,,1000000,8421624,715723
"jailbreak_revenge","A* h+",3,false,,1000000,8421631,721107
"jailbreak_revenge","A* h+",4,false,,1000000,8421627,713586
"jailbreak_revenge","A* h+",5,false,,1000000,8422355,710430
"jailbreak_revenge","A* h+",6,false,,1000000,8421856,713334
"jailbreak_revenge","A* h+",7,false,,1000000,8421991,708940
"jailbreak_revenge","A* h+",8,false,,1000000,8421634,707394
"jailbreak_revenge","A* h+",9,false,,1000000,8421634,709017
"jailbreak_revenge","A* h+",10,false,,1000000,8421631,715510
"jailbreak_revenge","A* hmax",1,false,,1000000,9685645,818727
"jailbreak_revenge","A* hmax",2,false,,1000000,9681191,829747
"jailbreak_revenge","A* hmax",3,false,,1000000,9680554,830056
"jailbreak_revenge","A* hmax",4,false,,1000000,9681468,836451
"jailbreak_revenge","A* hmax",5,false,,1000000,9685645,834748
"jailbreak_revenge","A* hmax",6,false,,1000000,9679883,844885
"jailbreak_revenge","A* hmax",7,false,,1000000,9685545,843077
"jailbreak_revenge","A* hmax",8,false,,1000000,9679822,828948
"jailbreak_revenge","A* hmax",9,false,,1000000,9679822,841520
"jailbreak_revenge","A* hmax",10,false,,1000000,9680554,850355
"jailbreak_revenge","A* rp",1,false,,1000000,4369595,550997
"jailbreak_revenge","A* rp",2,false,,1000000,4371124,554283
"jailbreak_revenge","A* rp",3,false,,1000000,4430968,568036
"jailbreak_revenge","A* rp",4,false,,1000000,4449191,585424
"jailbreak_revenge","A* rp",5,false,,1000000,4375957,553821
"jailbreak_revenge","A* rp",6,false,,1000000,4492769,563970
"jailbreak_revenge","A* rp",7,false,,1000000,4478185,572331
"jailbreak_revenge","A* rp",8,false,,1000000,4359140,552601
"jailbreak_revenge","A* rp",9,false,,1000000,4458571,569491
"jailbreak_revenge","A* rp",10,false,,1000000,4636527,581262
"jailbreak_revenge","EFS h+",1,false,,1000000,2118898,194194
"jailbreak_revenge","EFS h+",2,false,,1000000,2118829,193871
"jailbreak_revenge","EFS h+",3,false,,1000000,2118630,196038
"jailbreak_revenge","EFS h+",4,false,,1000000,2119032,194678
"jailbreak_revenge","EFS h+",5,false,,1000000,2118821,195972
"jailbreak_revenge","EFS h+",6,false,,1000000,2118776,192704
"jailbreak_revenge","EFS h+",7,false,,1000000,2118954,193768
"jailbreak_revenge","EFS h+",8,false,,1000000,2118910,191136
"jailbreak_revenge","EFS h+",9,false,,1000000,2118910,190046
"jailbreak_revenge","EFS h+",10,false,,1000000,2118630,200658
"jailbreak_revenge","EFS hmax",1,true,7,208524,2142787,188719
"jailbreak_revenge","EFS hmax",2,true,7,203507,2092190,188918
"jailbreak_revenge","EFS hmax",3,true,7,203963,2098676,192493
"jailbreak_revenge","EFS hmax",4,true,7,203296,2088548,187415
"jailbreak_revenge","EFS hmax",5,true,7,208797,2145653,194865
"jailbreak_revenge","EFS hmax",6,true,7,202696,2081960,190133
"jailbreak_revenge","EFS hmax",7,true,7,205939,2115857,191422
"jailbreak_revenge","EFS hmax",8,true,7,203003,2085406,187134
"jailbreak_revenge","EFS hmax",9,true,7,203003,2085394,187576
"jailbreak_revenge","EFS hmax",10,true,7,203963,2098676,190008
"jailbreak_revenge","EFS rp",1,false,,1000000,2128340,251555
"jailbreak_revenge","EFS rp",2,false,,1000000,2112250,249859
"jailbreak_revenge","EFS rp",3,false,,1000000,2120400,250792
"jailbreak_revenge","EFS rp",4,false,,1000000,2155522,262941
"jailbreak_revenge","EFS rp",5,false,,1000000,2131002,261578
"jailbreak_revenge","EFS rp",6,false,,1000000,2136704,262056
"jailbreak_revenge","EFS rp",7,false,,1000000,2122879,254551
"jailbreak_revenge","EFS rp",8,false,,1000000,2131844,258904
"jailbreak_revenge","EFS rp",9,false,,1000000,2128515,254019
"jailbreak_revenge","EFS rp",10,false,,1000000,2142663,261663
"jailbreak_revenge","GFS h+",1,false,,1000000,1276611,116423
"jailbreak_revenge","GFS h+",2,false,,1000000,1275983,117559
"jailbreak_revenge","GFS h+",3,false,,1000000,1250138,112274
"jailbreak_revenge","GFS h+",4,false,,1000000,1275983,118955
"jailbreak_revenge","GFS h+",5,false,,1000000,1276611,120049
"jailbreak_revenge","GFS h+",6,false,,1000000,1250260,116033
"jailbreak_revenge","GFS h+",7,false,,1000000,1276611,118077
"jailbreak_revenge","GFS h+",8,false,,1000000,1250248,115972
"jailbreak_revenge","GFS h+",9,false,,1000000,1250248,116416
"jailbreak_revenge","GFS h+",10,false,,1000000,1250138,116128
"jailbreak_revenge","GFS hmax",1,false,,1000000,10479513,971580
"jailbreak_revenge","GFS hmax",2,false,,1000000,10476195,956485
"jailbreak_revenge","GFS hmax",3,false,,1000000,10470585,971761
"jailbreak_revenge","GFS hmax",4,false,,1000000,10486062,955018
"jailbreak_revenge","GFS hmax",5,false,,1000000,10479541,957914
"jailbreak_revenge","GFS hmax",6,false,,1000000,10485908,978435
"jailbreak_revenge","GFS hmax",7,false,,1000000,10486097,961355
"jailbreak_revenge","GFS hmax",8,false,,1000000,10486155,975386
"jailbreak_revenge","GFS hmax",9,false,,1000000,10486148,972387
"jailbreak_revenge","GFS hmax",10,false,,1000000,10470568,972495
"jailbreak_revenge","GFS rp",1,false,,1000000,1253032,141342
"jailbreak_revenge","GFS rp",2,false,,1000000,1238497,141478
"jailbreak_revenge","GFS rp",3,false,,1000000,1253002,139557
"jailbreak_revenge","GFS rp",4,false,,1000000,1238428,142454
"jailbreak_revenge","GFS rp",5,false,,1000000,1253213,146049
"jailbreak_revenge","GFS rp",6,false,,1000000,1252956,143559
"jailbreak_revenge","GFS rp",7,false,,1000000,1230612,140020
"jailbreak_revenge","GFS rp",8,false,,1000000,1245271,140289
"jailbreak_revenge","GFS rp",9,false,,1000000,1253196,139818
"jailbreak_revenge","GFS rp",10,false,,1000000,1230666,135011
"lovers","BFS",1,true,5,4817,94703,4977
"lovers","BFS",2,true,5,5839,119408,6265
"lovers","BFS",3,true,5,4984,99433,5043
"lovers","BFS",4,true,5,6023,124317,6289
"lovers","BFS",5,true,5,4816,94690,4782
"lovers","BFS",6,true,5,6179,128881,6591
"lovers","BFS",7,true,5,4984,99426,5074
"lovers","BFS",8,true,5,13542,324279,18889
"lovers","BFS",9,true,5,4661,90217,4510
"lovers","BFS",10,true,5,9403,206967,11131
"lovers","EFS",1,true,5,901033,3971941,409643
"lovers","EFS",2,true,5,897914,3959119,407880
"lovers","EFS",3,true,5,898218,3960083,405986
"lovers","EFS",4,true,5,902560,3984730,408239
"lovers","EFS",5,true,5,900995,3966849,408669
"lovers","EFS",6,true,5,901224,3973050,408859
"lovers","EFS",7,true,5,897670,3956882,408087
"lovers","EFS",8,false,,1000000,4368472,462036
"lovers","EFS",9,true,5,902553,3985228,410849
"lovers","EFS",10,false,,1000000,4364849,459320
"lovers","GFS",1,false,,1000000,2002830,188945
"lovers","GFS",2,false,,1000000,2022462,195342
"lovers","GFS",3,false,,1000000,2027671,201431
"lovers","GFS",4,false,,1000000,2059626,208407
"lovers","GFS",5,false,,1000000,2026214,201176
"lovers","GFS",6,false,,1000000,2022185,194546
"lovers","GFS",7,false,,1000000,2028789,203809
"lovers","GFS",8,false,,1000000,1810146,158563
"lovers","GFS",9,false,,1000000,2038677,206886
"lovers","GFS",10,false,,1000000,1805643,169405
"lovers","A* h+",1,false,,1000000,22183683,6539558
"lovers","A* h+",2,false,,1000000,24814516,8424819
"lovers","A* h+",3,false,,1000000,21999892,6585099
"lovers","A* h+",4,false,,1000000,24969498,8295932
"lovers","A* h+",5,false,,1000000,22156525,6623047
"lovers","A* h+",6,false,,1000000,24854516,8304483
"lovers","A* h+",7,false,,1000000,22167391,6741200
"lovers","A* h+",8,false,,1000000,22669483,7014502
"lovers","A* h+",9,false,,1000000,21985675,6558039
"lovers","A* h+",10,false,,1000000,22467259,6930846
"lovers","A* hmax",1,true,5,16315,416620,136432
"lovers","A* hmax",2,true,5,18872,434033,146422
"lovers","A* hmax",3,true,5,16356,417920,139383
"lovers","A* hmax",4,true,5,18865,432770,144417
"lovers","A* hmax",5,true,5,16331,417584,142146
"lovers","A* hmax",6,true,5,18921,434613,134336
"lovers","A* hmax",7,true,5,16334,417576,127635
"lovers","A* hmax",8,true,5,17296,438088,127356
"lovers","A* hmax",9,true,5,16274,415817,138664
"lovers","A* hmax",10,true,5,16870,428451,147197
"lovers","A* rp",1,true,5,27666,589229,201611
"lovers","A* rp",2,true,5,28020,603571,206704
"lovers","A* rp",3,true,5,28102,605325,203872
"lovers","A* rp",4,true,5,27575,588771,190333
"lovers","A* rp",5,true,5,27097,577312,188383
"lovers","A* rp",6,true,5,28275,604248,198685
"lovers","A* rp",7,true,5,435154,8024275,2519108
"lovers","A* rp",8,true,5,27292,585347,181761
"lovers","A* rp",9,true,5,27686,594098,179268
"lovers","A* rp",10,true,5,29144,625364,202127
"lovers","EFS h+",1,false,,1000000,4820578,1205389
"lovers","EFS h+",2,false,,1000000,4822936,1049232
"lovers","EFS h+",3,false,,1000000,4821692,1062545
"lovers","EFS h+",4,false,,1000000,4829703,1108921
"lovers","EFS h+",5,false,,1000000,4820398,1257640
"lovers","EFS h+",6,false,,1000000,4820279,1239796
"lovers","EFS h+",7,false,,1000000,4822188,1173786
"lovers","EFS h+",8,true,5,935438,4566083,1106795
"lovers","EFS h+",9,true,5,976123,4701927,1134520
"lovers","EFS h+",10,true,5,935854,4568273,1084442
"lovers","EFS hmax",1,true,5,7763,136243,33228
"lovers","EFS hmax",2,true,5,7771,136393,33551
"lovers","EFS hmax",3,true,5,7734,135598,32791
"lovers","EFS hmax",4,true,5,7758,136308,33235
"lovers","EFS hmax",5,true,5,7742,135720,32223
"lovers","EFS hmax",6,true,5,7742,135800,32995
"lovers","EFS hmax",7,true,5,7766,136060,33026
"lovers","EFS hmax",8,true,5,7585,134475,32583
"lovers","EFS hmax",9,true,5,7745,136233,32641
"lovers","EFS hmax",10,true,5,7565,134179,32528
"lovers","EFS rp",1,true,5,201451,810022,202337
"lovers","EFS rp",2,true,5,200900,807746,202493
"lovers","EFS rp",3,true,5,201244,808213,199536
"lovers","EFS rp",4,true,5,201284,810167,194068
"lovers","EFS rp",5,true,5,201125,809206,187872
"lovers","EFS rp",6,true,5,201187,809114,189945
"lovers","EFS rp",7,true,5,654552,3021388,755063
"lovers","EFS rp",8,true,5,156520,621284,155548
"lovers","EFS rp",9,true,5,200760,807134,192751
"lovers","EFS rp",10,true,5,154615,613272,146564
"lovers","GFS h+",1,false,,1000000,1576588,476103
"lovers","GFS h+",2,false,,1000000,1576596,501502
"lovers","GFS h+",3,false,,1000000,1576501,477174
"lovers","GFS h+",4,false,,1000000,1514647,470808
"lovers","GFS h+",5,false,,1000000,1505180,450564
"lovers","GFS h+",6,false,,1000000,1576105,462189
"lovers","GFS h+",7,false,,1000000,1566012,547353
"lovers","GFS h+",8,false,,1000000,1570869,579406
"lovers","GFS h+",9,false,,1000000,1514707,545482
"lovers","GFS h+",10,false,,1000000,1572104,581511
"lovers","GFS hmax",1,false,,1000000,15858475,4598917
"lovers","GFS hmax",2,false,,1000000,15856432,4618780
"lovers","GFS hmax",3,false,,1000000,15923294,4638878
"lovers","GFS hmax",4,false,,1000000,15867215,4609709
"lovers","GFS hmax",5,false,,1000000,15858457,4569043
"lovers","GFS hmax",6,false,,1000000,15922639,4604917
"lovers","GFS hmax",7,false,,1000000,15923355,4674714
"lovers","GFS hmax",8,false,,1000000,15602465,4365273
"lovers","GFS hmax",9,false,,1000000,15800097,4515023
"lovers","GFS hmax",10,false,,1000000,15676838,4385749
"lovers","GFS rp",1,false,,1000000,1597375,546729
"lovers","GFS rp",2,false,,1000000,1896799,617209
"lovers","GFS rp",3,false,,1000000,1901131,607698
"lovers","GFS rp",4,false,,1000000,1571600,519361
"lovers","GFS rp",5,false,,1000000,1581977,471274
"lovers","GFS rp",6,false,,1000000,1596597,481880
"lovers","GFS rp",7,false,,1000000,1559923,468737
"lovers","GFS rp",8,false,,1000000,1593148,438201
"lovers","GFS rp",9,false,,1000000,1820240,448093
"lovers","GFS rp",10,false,,1000000,2016023,418241